,0
0,SDF4
1,GNB1
2,RPL22
3,CAMTA1
4,PARK7
5,ENO1
6,KAZN
7,EIF4G3
8,RPL11
9,SRSF10
10,SH3BGRL3
11,NDUFS5
12,YBX1
13,RPS8
14,PRDX1
15,NFIA
16,SERBP1
17,HFM1
18,RPL5
19,CNN3
20,S100A10
21,S100A11
22,S100A6
23,RPS27
24,UBE2Q1
25,CD48
26,PBX1
27,ATF3
28,H3-3A
29,RPS7
30,ID2
31,ZFP36L2
32,SPTBN1
33,RPS27A
34,XPO1
35,PCBP1
36,TMSB10
37,RNF149
38,IL1R2
39,FN1
40,RPL37A
41,NCL
42,PTMA
43,UBE2F
44,RPL32
45,ANKRD28
46,RPL15
47,RPSA
48,RPL14
49,RPL29
50,RPL24
51,ZBTB20
52,CDV3
53,TM4SF1
54,MED12L
55,LINC01322
56,SEC62
57,FNDC3B
58,EIF4G1
59,RPL35A
60,SORCS2
61,RPL9
62,ABRAXAS1
63,SPP1
64,H2AZ1
65,RPL34
66,RPS3A
67,TNPO1
68,RPS23
69,CDC42SE2
70,UBE2B
71,FAM13B
72,PURA
73,NDUFA2
74,RPS14
75,NPM1
76,DUSP1
77,RACK1
78,DEK
79,HLA-B
80,CLIC1
81,HLA-DRA
82,RPS18
83,RPS10
84,RPL10A
85,HSP90AB1
86,DST
87,EEF1A1
88,ATG5
89,FYN
90,MARCKS
91,LAMA2
92,EPB41L2
93,RPS12
94,BCLAF1
95,CITED2
96,ACTB
97,GLCCI1
98,CHCHD2
99,TMEM243
100,ARPC1A
101,EFCAB10
102,CADPS2
103,TBXAS1
104,KMT2C
105,SLCO5A1
106,RPL7
107,UQCRB
108,RPL30
109,COX6C
110,YWHAZ
111,RPL8
112,RIC1
113,RPS6
114,PAX5
115,GCNT1
116,FAM120A
117,SEC61B
118,KLF4
119,RPL35
120,RPL12
121,RPL7A
122,CELF2
123,CAMK1D
124,MLLT10
125,JMJD1C
126,RPS24
127,PDLIM1
128,ABLIM1
129,RPLP2
130,LMO1
131,RPS13
132,ENSG00000246225
133,CPSF7
134,FTH1
135,EEF1G
136,FAU
137,MALAT1
138,CFL1
139,KDM2A
140,RPS3
141,AAMDC
142,DLG2
143,ATP5MG
144,GAPDH
145,TMBIM6
146,KRT8
147,KRT18
148,PCBP2
149,ATP5MC2
150,CD63
151,RPL41
152,MYL6
153,NACA
154,LINC01619
155,BTG1
156,HSP90B1
157,ARPC3
158,RPL6
159,RPLP0
160,COX6A1
161,DYNLL1
162,UBC
163,RPL21
164,TPT1
165,ITM2B
166,FNDC3A
167,NOVA1
168,NFKBIA
169,ARF6
170,RBM25
171,FOS
172,NGB
173,FOXN3
174,IFI27
175,PAPOLA
176,HSP90AA1
177,EIF5
178,CHP1
179,SERF2
180,B2M
181,ADAM10
182,RPL4
183,RPLP1
184,SCAPER
185,MORF4L1
186,RPS2
187,SRRM2
188,RPS15A
189,MAZ
190,ENSG00000260573
191,CHD9
192,MT2A
193,GLG1
194,WWOX
195,ANKRD11
196,RPL13
197,PSMB6
198,RPL26
199,RPL23A
200,UNC45B
201,CCL5
202,CCL4
203,RPL23
204,RPL19
205,EIF1
206,RAB5C
207,RPL27
208,COL1A1
209,H3-3B
210,SRSF2
211,ACTG1
212,MYL12B
213,RPL17
214,RPS15
215,MYDGF
216,PLIN3
217,RPS28
218,EIF3G
219,CACNA1A
220,RPL18A
221,UBA52
222,LGALS4
223,RPS16
224,RPS19
225,POU2F2
226,RPL18
227,FTL
228,RPL13A
229,RPS11
230,NKG7
231,RPS9
232,RPL28
233,RPS5
234,CST3
235,YWHAB
236,PPDPF
237,ENSG00000281383
238,ENSG00000280441
239,ATP5PF
240,ATP5PO
241,SDF2L1
242,IGLC2
243,MIF
244,RPL3
245,TSPO
246,TMSB4X
247,SAT1
248,TIMP1
249,RPS4X
250,SLC25A5
251,SSR4
252,RPL10
253,MT-ND1
254,MT-ND2
255,MT-CO1
256,MT-CO2
257,MT-ATP8
258,MT-ATP6
259,MT-CO3
260,MT-ND3
261,MT-ND4L
262,MT-ND4
263,MT-ND5
264,MT-CYB
265,Xkr4
266,Rp1
267,Sox17
268,Rgs20
269,Gm57122
270,Sntg1
271,1700034P13Rik
272,Cpa6
273,Prex2
274,A830018L16Rik
275,Sulf1
276,Prdm14
277,Eya1
278,Msc
279,Kcnb2
280,Gm28783
281,Pi15
282,Gm28154
283,Crispld1
284,Il17a
285,Il17f
286,Paqr8
287,Gm4956
288,Khdc1a
289,Khdc1c
290,Kcnq5
291,Rims1
292,Adgrb3
293,4931428L18Rik
294,Gm29128
295,Khdrbs2
296,Arhgef4
297,Neurl3
298,Gm26805
299,Aff3
300,Npas2
301,Tbc1d8
302,Gm15832
303,Rnf149
304,1700066B17Rik
305,Il1r2
306,Gm16894
307,Il1r1
308,Il1rl1
309,Il18r1
310,Il18rap
311,Slc9a4
312,Gm29260
313,Ecrg4
314,Gm29157
315,Gulp1
316,Col3a1
317,Col5a2
318,Dnah7b
319,Slc39a10
320,C230029F24Rik
321,Tmeff2
322,Cavin2
323,Nabp1
324,Stat4
325,Gm29670
326,Dnah7a
327,BC055402
328,Aox3
329,Gm15759
330,Gm33667
331,Gm973
332,Wdr12
333,Carf
334,Cd28
335,Ctla4
336,Icos
337,Pard3bos1
338,Zdbf2
339,Gm28981
340,Plekhm3
341,Map2
342,Unc80
343,Cps1
344,Erbb4
345,Spag16
346,Fn1
347,Gm4319
348,Mreg
349,Gm57184
350,Marchf4
351,Igfbp2
352,Igfbp5
353,Rufy4
354,Cxcr2
355,Cxcr1
356,Plcd4
357,Cfap65
358,Resp18
359,Des
360,Gm15179
361,Inha
362,Epha4
363,Pax3
364,Sgpp2
365,Acsl3
366,Kcne4
367,Scg2
368,1700016L21Rik
369,Col4a3
370,Slc19a3
371,Daw1
372,Sphkap
373,Pid1
374,Gm15433
375,Gm10553
376,Gm16028
377,Sp140
378,Gm10552
379,Gm17017
380,Gm28884
381,Gpr55
382,Spata3
383,Htr2b
384,Prss56
385,Kcnj13
386,Ngef
387,Gm20528
388,Ugt1a2
389,Ugt1a1
390,Spp2
391,Sh3bp4
392,Iqca
393,Ackr3
394,Ramp1
395,Or9s13
396,Gm29480
397,Gpr35
398,Neu4
399,Pdcd1
400,St8sia4
401,Slco4c1
402,Gm7967
403,Cdh20
404,Gm29012
405,Rnf152
406,Bcl2
407,Serpinb2
408,Cntnap5a
409,Tfcp2l1
410,Gli2
411,Inhbb
412,Cfap221
413,Dbi
414,C1ql2
415,Marco
416,Celrr
417,Gm15392
418,Dpp10
419,Lypd1
420,Nckap5
421,Tmem163
422,Cxcr4
423,Thsd7b
424,Cd55
425,Gm16083
426,Fcmr
427,Il10
428,Ikbke
429,Ctse
430,Slc26a9
431,Tmcc2
432,Pik3c2b
433,Ren1
434,Atp2b4
435,Optc
436,Chit1
437,Chil1
438,Myog
439,Gm57107
440,Syt2
441,Ptpn7
442,Gpr37l1
443,Lmod1
444,Gm57161
445,Pkp1
446,Gm37759
447,Gm19705
448,Gm4258
449,Gm28556
450,Lhx9
451,Aspm
452,Cfhr1
453,Cfh
454,Kcnt2
455,Rgs13
456,Rgs1
457,Rgs18
458,Gm29514
459,Brinp3
460,Ptgs2
461,Ptgs2os2
462,Prg4
463,Hmcn1
464,Niban1
465,Colgalt2
466,E330020D12Rik
467,Rgs16
468,Cacna1e
469,Gm29282
470,Fam163a
471,Nphs2
472,Gm15486
473,Brinp2
474,Astn1
475,Pappa2
476,Tnr
477,Gm37294
478,4930523C07Rik
479,Gpr52
480,Dars2
481,Gm57181
482,Gm38304
483,Myoc
484,Fmo2
485,Gm37273
486,Prrx1
487,Sele
488,Sell
489,Selp
490,F5
491,Nme7
492,Atp1b1
493,Gm26685
494,Gm32652
495,Xcl1
496,Gm37864
497,Rcsd1
498,Cd247
499,Ildr2
500,Lrrc52
501,Pbx1
502,Rgs5
503,Rgs4
504,Ddr2
505,Gm6345
506,Spata46
507,Fcrla
508,Fcgr2b
509,Gm10522
510,Cfap126
511,Pcp4l1
512,Gm20045
513,Slamf1
514,Gm37065
515,Slamf6
516,Atp1a2
517,Gm57108
518,Fcer1a
519,Ackr1
520,Ifi207
521,Ifi204
522,Mndal
523,Ifi211
524,Ifi203
525,Ifi205
526,Fmn2
527,Grem2
528,Rgs7
529,Wdr64
530,Exo1
531,Pld5
532,Itpkb
533,Stum
534,Ccdc121rt1
535,Enah
536,Susd4
537,Tlr5
538,Disp1
539,Gm37800
540,Iars2
541,Gm2061
542,Slc30a10
543,Gm35546
544,Tgfb2
545,A430105J06Rik
546,Spata17
547,Gm15509
548,Esrrg
549,Ush2a
550,Kcnk2
551,A430027H14Rik
552,Cenpf
553,Atf3
554,Gm37168
555,Gm32200
556,Gm57171
557,4930570N18Rik
558,Lamb3
559,Hsd11b1
560,G0s2
561,Camk1g
562,Gm6403
563,Plxna2
564,Acbd7
565,Meig1
566,Fam107b
567,Gm13180
568,Frmd4a
569,Gm13187
570,Bend7
571,Ucma
572,Mcm10
573,4930551O13Rik
574,Gm13219
575,Gata3
576,Gm13256
577,Itih2
578,Itih5
579,Gm13261
580,Gm38171
581,Gm13291
582,Gm10851
583,Il2ra
584,Itga8
585,E030013I19Rik
586,Gm13270
587,Cubn
588,Vim
589,St8sia6
590,Mrc1
591,Slc39a12
592,Cacnb2
593,Malrd1
594,Nebl
595,Gm3363
596,Otud1
597,Etl4
598,Gpr158
599,Gad2
600,Mastl
601,Hnmt
602,Il36g
603,Il1rn
604,Psd4
605,Pnpla7
606,Stpg3
607,Grin1
608,Sapcd2
609,Ptgds
610,Gm57475
611,Fcna
612,Gm13538
613,Kcnt1
614,Gm13554
615,Card9
616,Egfl7
617,Snhg7
618,Slc2a6
619,Gm13398
620,Fcnb
621,F730016J06Rik
622,Cel
623,Cfap77
624,Gm57451
625,Ntng2
626,Pkn3
627,Zer1
628,Ier5l
629,9330198N18Rik
630,Prrx2
631,Hmcn2
632,Ass1
633,Lamc3
634,Dnm1
635,Lcn2
636,Gm13412
637,Eng
638,Sh2d3c
639,6330409D20Rik
640,Gm13530
641,Pbx3
642,Gm57458
643,Phf19
644,Traf1
645,Gm46733
646,Hc
647,AI182371
648,Ggta1
649,Gm57448
650,Lhx6
651,Ptgs1
652,Lhx2
653,Arhgap15
654,Gm28643
655,Vis1
656,Gm13470
657,Gm13481
658,Lypd6b
659,Gm13480
660,Gm48908
661,Gm13485
662,Rbm43
663,Tnfaip6
664,Neb
665,Cacnb4
666,Galnt13
667,Kcnj3
668,Nr4a2
669,BB557941
670,A930012O16Rik
671,Cytip
672,Acvr1c
673,Gm53240
674,Gm13571
675,Pla2r1
676,Tbr1
677,Slc4a10
678,Fap
679,Ifih1
680,Kcnh7
681,Gm13569
682,Slc38a11
683,Gm34833
684,Scn2a
685,Gm13629
686,Gm36231
687,Cers6
688,Nostrin
689,Abcb11
690,Dhrs9
691,Mettl5os
692,Erich2
693,Gad1
694,Dcaf17
695,Dlx1as
696,Dlx1
697,Itga6
698,Rapgef4
699,Rapgef4os2
700,Sp9
701,Gm13708
702,Chn1os3
703,Chn1
704,Gm13660
705,Pjvk
706,Ttn
707,Gm13938
708,Ccdc141
709,Zfp385b
710,Gm35748
711,Itga4
712,Neurod1
713,Pde1a
714,Frzb
715,Zfp804a
716,Itgav
717,Gm13684
718,Calcrl
719,Btbd18
720,Ypel4
721,Serping1
722,Smtnl1
723,Slc43a3
724,Prg3
725,P2rx3
726,Aplnr
727,Or5m3b
728,Or8u9
729,Ddb2
730,A330069E16Rik
731,F2
732,Creb3l1
733,Gm13780
734,Gm57461
735,Gm13791
736,Syt13
737,Accsl
738,Gm13889
739,Lrrc4c
740,Rag1
741,Ldlrad3
742,Fjx1
743,Pamr1
744,Slc1a2
745,Cd44
746,Ehf
747,A930006I01Rik
748,Abtb2
749,D430041D05Rik
750,Depdc7
751,Pax6
752,Mpped2
753,Bdnf
754,Bbox1
755,Fibin
756,Ano3
757,Or4k50-ps1
758,Gm57464
759,Ryr3
760,Grem1
761,Gm28494
762,Meis2
763,4930412B13Rik
764,Gm13986
765,Thbs1
766,Plcb2
767,Disp2
768,Gchfr
769,Rhov
770,Dll4
771,Itpka
772,Gm14978
773,Frmd5
774,Duox1
775,Slc28a2
776,Slc28a2b
777,AA467197
778,4930417H01Rik
779,Fam227b
780,Atp8b4
781,Slc27a2
782,Hdc
783,Dusp2
784,Astl
785,Mal
786,Gm14244
787,Acoxl
788,Morrbid
789,Gm14010
790,Gm29010
791,4933427J07Rik
792,A730036I17Rik
793,Ckap2l
794,Gm14023
795,Il1a
796,Il1b
797,Il1bos
798,F830045P16Rik
799,Pdyn
800,Tgm3
801,Oxt
802,Avp
803,Fastkd5
804,Hspa12b
805,Gm14285
806,Gm14280
807,Gm14095
808,Gpcpd1
809,AU019990
810,Shld1
811,Gm14097
812,Chgb
813,Lrrn4
814,Bmp2
815,Tmx4
816,Plcb1
817,4930545L23Rik
818,Plcb4
819,Snap25
820,Jag1
821,Gm14061
822,Sptlc3
823,Ism1
824,Macrod2
825,Flrt3
826,Slc24a3
827,Cfap61
828,6430503K07Rik
829,Thbd
830,Cd93
831,Gm14120
832,Cst3
833,Gm14133
834,Syndig1
835,Vsx1
836,Tmem74bos
837,Rspo4os
838,Srxn1
839,Nrsn2
840,6820408C15Rik
841,Rem1
842,Id1
843,Cox4i2
844,Hck
845,Bpifb5
846,Gm14216
847,Procr
848,Gdf5
849,Fer1l4
850,Spag4
851,Gm14252
852,Gm14169
853,Myl9
854,Samhd1
855,Mroh8
856,Ghrh
857,Nnat
858,Gm57477
859,Vstm2l
860,Tgm2
861,Gm20412
862,Lbp
863,Snhg11
864,Gm826
865,Ptprt
866,L3mbtl1
867,Mybl2
868,Ccn5
869,Rims4
870,Gm11455
871,Slpi
872,Sdc4
873,Wfdc2
874,Gm11457
875,Ube2c
876,Spata25
877,Pltp
878,Mmp9
879,Slc12a5
880,Cdh22
881,Eya2
882,Gm11465
883,5031425F14Rik
884,Zfas1
885,Gm11476
886,Gm31619
887,Gm14320
888,Cebpb
889,A530013C23Rik
890,1200007C13Rik
891,Ripor3
892,Gm14235
893,Tshz2
894,Gm17619
895,Bcas1
896,Gm14264
897,Dok5
898,Cbln4
899,Gm14273
900,Cass4
901,Gcnt7
902,Rbm38
903,Pmepa1os
904,Gm10714
905,Tubb1
906,Gm46781
907,Zfp831
908,Gm2004
909,Phactr3
910,Cdh26
911,Cdh4
912,Lama5
913,B230312C02Rik
914,Col9a3
915,Nkain4
916,9230112E08Rik
917,Kcnq2
918,Eef1a2
919,Srms
920,Stmn3
921,Prpf6
922,Samd10
923,Sox18
924,1110015O18Rik
925,Zfhx4
926,Pkia
927,Stmn2
928,Zfp704
929,Gm16337
930,Gm56771
931,Fabp5
932,Fabp4
933,Ralyl
934,Car1
935,Car3
936,Gm33819
937,Sirpb1a
938,Sirpb1b
939,Gm37468
940,Sirpb1c
941,Gm5150
942,Cyp7b1
943,Dnajc5b
944,Cp
945,Cpa3
946,Cpb1
947,Agtr1b
948,Gm43674
949,Gm43672
950,Naaladl2
951,Nlgn1
952,A830092H15Rik
953,Gm56777
954,Tmem212
955,Tnik
956,Egfem1
957,Mannr
958,Mecom
959,Gm37592
960,Pex5l
961,Gm43140
962,Sox2ot
963,Gm38505
964,Trpc3
965,Gm36823
966,1700017G19Rik
967,Hspa4l
968,1700052H01Rik
969,Platr4
970,Gm31266
971,Slc7a11
972,Gm6209
973,Mgarp
974,Gm20089
975,Gm37202
976,Lhfp
977,Stoml3
978,Trpc4
979,Dclk1
980,Mab21l1
981,Tm4sf1
982,Gm56807
983,Wwtr1
984,Pfn2
985,4921539H07Rik
986,Med12l
987,P2ry14
988,P2ry13
989,ENSMUSG00000121389
990,P2ry1
991,9330121J05Rik
992,Arhgef26
993,Vmn2r2
994,Kcnab1
995,A330015K06Rik
996,Ptx3
997,Iqcj
998,Il12a
999,Gm1647
1000,Gm20754
1001,4930509J09Rik
1002,Zbbx
1003,Serpini2
1004,Wdr49
1005,Serpini1
1006,Gm36569
1007,Gria2
1008,Gucy1b1
1009,Gucy1a1
1010,Fga
1011,Dchs2
1012,Sfrp2
1013,Tmem154
1014,Glt28d2
1015,Sh3d19
1016,Dclk2
1017,Kirrel
1018,Fcrl1
1019,Fcrl5
1020,Sh2d2a
1021,Crabp2
1022,Nes
1023,Bcan
1024,AW047730
1025,Gm3764
1026,Bglap2
1027,Bglap
1028,Rab25
1029,Mtx1
1030,Gm15998
1031,Efna4
1032,Dcst1
1033,Gm42809
1034,Gm16540
1035,Cfap141
1036,Nup210l
1037,S100a14
1038,S100a2
1039,S100a4
1040,S100a5
1041,S100a6
1042,S100a7a
1043,S100a8
1044,S100a9
1045,Crct1
1046,S100a11
1047,S100a10
1048,Mrpl9
1049,Riiad1
1050,Cgn
1051,Ctss
1052,Hormad1
1053,Gm56781
1054,Gm26594
1055,C920021L13Rik
1056,Gm9054
1057,H3c15
1058,Gm10685
1059,Ankrd34a
1060,Fmo5
1061,Hmgcs2
1062,Zfp697
1063,Tbx15
1064,Spag17
1065,Gm12474
1066,Gm42868
1067,Cd101
1068,Cd2
1069,Gm42938
1070,Slc22a15
1071,Nhlh2
1072,Bcl2l15
1073,Ptpn22
1074,Magi3
1075,Rhoc
1076,Kcnd3
1077,Chil5
1078,Chil3
1079,Gm35507
1080,Kcnc4
1081,Csf1
1082,Gstm1
1083,Gm12524
1084,1700010K24Rik
1085,Elapor1
1086,Vav3
1087,Ntng1
1088,C130013H08Rik
1089,Col11a1
1090,Olfm3
1091,S1pr1
1092,Vcam1
1093,Gm26544
1094,Gpr88
1095,Trmt13
1096,Palmd
1097,Plppr4
1098,Gm26871
1099,Dpyd
1100,6530403H02Rik
1101,Gm43608
1102,F3
1103,Arhgap29
1104,Bcar3
1105,Gm43568
1106,Pde5a
1107,Usp53
1108,Myoz2
1109,Synpo2
1110,Ndst3
1111,Arsj
1112,Neurog2
1113,Alpk1
1114,Enpep
1115,Col25a1
1116,Etnppl
1117,Lef1
1118,Sgms2
1119,Dkk2
1120,Arhgef38
1121,Gm31243
1122,Bank1
1123,Emcn
1124,Ddit4l
1125,Gm43403
1126,Gm40155
1127,Dapp1
1128,Gm43049
1129,Unc5c
1130,Gm15689
1131,Bmpr1b
1132,Pdlim5
1133,Gbp5
1134,4930519L02Rik
1135,Gm6260
1136,Gm34078
1137,Gm34866
1138,Clca4a
1139,Ccn1
1140,Gm17501
1141,Ddah1
1142,Ctbs
1143,Uox
1144,Samd13
1145,Adgrl2
1146,Gm30382
1147,Gm5149
1148,Adgrl4
1149,Nexn
1150,Ak5
1151,St6galnac5
1152,Slc44a5
1153,Tnni3k
1154,Negr1
1155,4930592C13Rik
1156,Ptger3
1157,Lrrc7
1158,Rpe65
1159,2210414B05Rik
1160,Penk
1161,4930430E12Rik
1162,Tox
1163,Car8
1164,Gm57098
1165,Gm11817
1166,1700123O12Rik
1167,Gm11827
1168,Trp53inp1
1169,Runx1t1
1170,Slc26a7
1171,Necab1
1172,Calb1
1173,Mmp16
1174,Gm11867
1175,Cngb3
1176,Atp6v0d2
1177,Nkain3
1178,Gm11884
1179,Fut9
1180,Epha7
1181,Bach2
1182,Cga
1183,Lingo2
1184,Gm12371
1185,4930509K18Rik
1186,Gm57125
1187,1110017D15Rik
1188,Gm12405
1189,Gm20878
1190,Ccl19-ps2
1191,4930578G10Rik
1192,Gm12395
1193,Ccl19
1194,Gm12394
1195,Phf24
1196,Unc13b
1197,Gm46851
1198,Cd72
1199,Tpm2
1200,Msmp
1201,Hrct1
1202,Spaar
1203,Pax5
1204,Frmpd1
1205,Igfbpl1
1206,Stra6l
1207,Ccdc180
1208,Gm12446
1209,Hemgn
1210,Tbc1d2
1211,Gm57102
1212,Gabbr2
1213,Nr4a3
1214,Tmeff1
1215,Grin3a
1216,2310081O03Rik
1217,Actl7a
1218,Ctnnal1
1219,Pakap-1
1220,Musk
1221,Shoc1
1222,Slc31a2
1223,Orm1
1224,Tnfsf8
1225,Tnc
1226,Pappa
1227,Astn2
1228,Tlr4
1229,Brinp1
1230,Gm42303
1231,Nfib
1232,Gm11184
1233,Bnc2
1234,Saxo1
1235,Plin2
1236,Acer2
1237,Ifnb1
1238,4930553M12Rik
1239,Tek
1240,Gm12694
1241,Gm12703
1242,Junos
1243,Gm12708
1244,Gm12695
1245,L1td1
1246,Alg6
1247,Ror1
1248,Ak4
1249,Dab1
1250,Fyb2
1251,Plpp3
1252,Fam151a
1253,Orc1
1254,8030443G20Rik
1255,Calr4
1256,Agbl4
1257,Skint3
1258,Skint6
1259,Trabd2b
1260,9130410C08Rik
1261,Foxd2
1262,Cyp4b1
1263,Dmbx1
1264,Gpbp1l1
1265,C530005A16Rik
1266,Hpdl
1267,Zswim5
1268,Ptch2
1269,Btbd19
1270,Dynlt4
1271,Gm12843
1272,Gm12840
1273,Gm12841
1274,Mpl
1275,Tie1
1276,Or10ak7
1277,Gm12865
1278,Gm12862
1279,Slc2a1
1280,Gm12868
1281,Ermap
1282,Foxo6os
1283,Mfsd2a
1284,Heyl
1285,1700121C08Rik
1286,Pou3f1
1287,Epha10
1288,Cdca8
1289,Gm32611
1290,Csf3r
1291,Gja4
1292,Gjb3
1293,Hmgb4
1294,Gm57066
1295,Hpca
1296,C77080
1297,Gm57067
1298,E330017L17Rik
1299,Tinagl1
1300,Fabp3
1301,Gm12992
1302,Gm28874
1303,Ptafr
1304,Smpdl3b
1305,Themis2
1306,Fgr
1307,Gm12977
1308,Zfp683
1309,Cd52
1310,Fam110d
1311,Selenon
1312,Rhd
1313,Ifnlr1
1314,Gm57106
1315,Cnr2
1316,Id3
1317,Asap3
1318,Lactbl1
1319,C1qb
1320,C1qc
1321,C1qa
1322,Hspg2
1323,Alpl
1324,Ece1
1325,1700095J12Rik
1326,Gm57090
1327,Cda
1328,AB041806
1329,Mul1
1330,Pla2g2d
1331,Pla2g5
1332,Nbl1
1333,4933427I22Rik
1334,Gm13016
1335,Padi4
1336,Padi1
1337,4930515B02Rik
1338,Sdhb
1339,Gm57138
1340,Clcnka
1341,Srarp
1342,Kazn
1343,Pdpn
1344,Tnfrsf8
1345,Platr16
1346,Fv1
1347,Clcn6
1348,Gm13201
1349,Draxin
1350,Gm17029
1351,Rbp7
1352,Gm13066
1353,Rere
1354,Tnfrsf9
1355,Camta1
1356,Tas1r1
1357,Megf6
1358,Arhgef16
1359,Gm57086
1360,Hes5
1361,Gabrd
1362,Vwa1
1363,Tnfrsf4
1364,Tnfrsf18
1365,Isg15
1366,Samd11
1367,Fzd1
1368,Pttg1ip2
1369,Cfap69
1370,Steap1
1371,Zfp804b
1372,Gm30835
1373,Steap4
1374,Abcb1a
1375,Abcb1b
1376,Grm3
1377,Sema3d
1378,Sema3a
1379,Sema3e
1380,Gm9758
1381,Speer4e
1382,Gm10354
1383,Gm21149
1384,Gm21190
1385,Speer4d
1386,Cacna2d1
1387,Hgf
1388,Sema3c
1389,Cd36
1390,Gsap
1391,Ccdc146
1392,Fgl2
1393,Reln
1394,Lhfpl3
1395,4933427G23Rik
1396,Gm57318
1397,Nos3
1398,2310074N15Rik
1399,Gm43972
1400,Actr3b
1401,Dpp6
1402,Il6
1403,Drc1
1404,Cib4
1405,Gm9899
1406,Slc30a3
1407,Rbks
1408,Fgfr3
1409,Cfap99
1410,Rgs12
1411,Sorcs2
1412,Evc
1413,Cytl1
1414,Clnk
1415,Gm42711
1416,Gm57285
1417,Gm7854
1418,Gm43020
1419,C1qtnf7
1420,Cd38
1421,Fgfbp1
1422,Prom1
1423,Gm42716
1424,Ldb2
1425,Gm3364
1426,Clrn2
1427,Slit2
1428,Kcnip4
1429,Ppargc1a
1430,9230114K14Rik
1431,Sod3
1432,Pcdh7
1433,Dthd1
1434,Nwd2
1435,Fam114a1
1436,Tmem156
1437,Gm42726
1438,Rhoh
1439,Chrna9
1440,9130230L23Rik
1441,Gm26725
1442,Nsun7
1443,Uchl1
1444,Gm42670
1445,Gm26756
1446,4930425K10Rik
1447,Gm5108
1448,Kctd8
1449,Gabrg1
1450,Gabra2
1451,Gabra4
1452,Gabrb1
1453,Gm38562
1454,Atp10d
1455,Txk
1456,Dcun1d4
1457,Usp46os2
1458,Gm19583
1459,Pdgfra
1460,Gm42800
1461,Kit
1462,Kdr
1463,Gm32727
1464,Cracd
1465,Hopxos
1466,Igfbp7
1467,Gm34648
1468,Adgrl3
1469,Gm57310
1470,Gm16054
1471,Tecrl
1472,Epha5
1473,Stap1
1474,Tmprss11d
1475,Jchain
1476,Slc4a4
1477,Afm
1478,Cxcl5
1479,Ppbp
1480,Pf4
1481,Cxcl3
1482,Cxcl1
1483,Cxcl2
1484,Ereg
1485,Areg
1486,Cxcl9
1487,Art3
1488,Cxcl10
1489,Fam47e
1490,Shroom3
1491,2010109A12Rik
1492,Cxcl13
1493,Gm8013
1494,Antxr2
1495,Cfap299
1496,Prkg2
1497,Tmem150c
1498,Plac8
1499,Hpse
1500,Gpat3
1501,Nkx6-1
1502,Arhgap24
1503,Mapk10
1504,4930429D17Rik
1505,Ptpn13
1506,Sparcl1
1507,Dmp1
1508,Ibsp
1509,Spp1
1510,Abcg3
1511,Gbp6
1512,Lrrc8c
1513,Hfm1
1514,A930041C12Rik
1515,Gm26692
1516,Gfi1
1517,Gm42518
1518,Gm42517
1519,Cplx1
1520,5930411N13Rik
1521,Gm57262
1522,Sez6l
1523,Grk3
1524,Gm42161
1525,Dao
1526,4930519G04Rik
1527,Oasl2
1528,Gm13822
1529,Oasl1
1530,Cabp1
1531,Gm13832
1532,Gm13840
1533,Gm13842
1534,B230112J18Rik
1535,Srrm4
1536,Gm57263
1537,Vsig10
1538,Nos1
1539,Tbx3os1
1540,Gm57296
1541,Lhx5
1542,Gm57311
1543,Oas2
1544,Acad12
1545,Gm57307
1546,Hvcn1
1547,P2rx7
1548,P2rx4
1549,Kdm2b
1550,Rhof
1551,Wdr66
1552,Hcar2
1553,Hcar1
1554,Hip1r
1555,Vps37b
1556,Gm43661
1557,Pitpnm2os2
1558,Pitpnm2os1
1559,Gm42839
1560,Gm32585
1561,Tmem132c
1562,Glt1d1
1563,Rimbp2
1564,Adgrd1
1565,Gm15903
1566,Asl
1567,Caln1
1568,Galnt17
1569,Gm29681
1570,Auts2
1571,Ncf1
1572,Eln
1573,Ccl24
1574,Hspb1
1575,Ssc4d
1576,Orai2
1577,Vgf
1578,Serpine1
1579,Muc3
1580,Gm31160
1581,Gm57304
1582,Gm42456
1583,Zan
1584,Pilra
1585,Pilrb1
1586,Gm36551
1587,Pilrb2
1588,Gm57266
1589,Taf6
1590,Fam20c
1591,C130050O18Rik
1592,Gper1
1593,4930500L23Rik
1594,Elfn1
1595,Card11
1596,Sdk1
1597,Gm57287
1598,Papolb
1599,Mmd2
1600,Tmem130
1601,Rasl11a
1602,Flt1
1603,Gm15721
1604,Mtus2
1605,2210417A02Rik
1606,Alox5ap
1607,Gm43150
1608,Gm15997
1609,Hsph1
1610,Fry
1611,Kl
1612,Gm20559
1613,Samd9l
1614,Gm33576
1615,Col1a2
1616,Asb4
1617,Dync1i1
1618,Gm20617
1619,Dlx6os1
1620,Gm16043
1621,Nxph1
1622,Gm35822
1623,Foxp2
1624,Gm4876
1625,Cav1
1626,Met
1627,Gm15592
1628,Gm20186
1629,Ankrd7
1630,Kcnd2
1631,Gm3289
1632,Cped1
1633,Wnt16
1634,Ptprz1
1635,Iqub
1636,Gm20756
1637,Grm8
1638,Hilpda
1639,Garin1a
1640,Flnc
1641,Nrf1
1642,Cpa5
1643,4930412F09Rik
1644,Gm13844
1645,Podxl
1646,Gm43154
1647,Plxna4
1648,Gm14540
1649,Cald1
1650,Gm13861
1651,Agbl3
1652,Fam180a
1653,9330158H04Rik
1654,Chrm2
1655,Ptn
1656,Tbxas1
1657,Gm42962
1658,1700025N23Rik
1659,Parp12
1660,Clec5a
1661,Mgam
1662,Prss2
1663,Trbc1
1664,Trbc2
1665,Kel
1666,Tas2r143
1667,Gm44731
1668,Cntnap2
1669,Gm54719
1670,Sspo
1671,Rarres2
1672,Gm38804
1673,Gimap6
1674,Gpnmb
1675,Fam221a
1676,Stk31
1677,Npy
1678,Gm3455
1679,Osbpl3
1680,5430402O13Rik
1681,C530044C16Rik
1682,Gm44109
1683,Gm44077
1684,Hoxaas3
1685,Tril
1686,Gm16499
1687,Gm28402
1688,Crhr2
1689,Inmt
1690,Neurod6
1691,Itprid1
1692,Abcg2
1693,Gm56984
1694,Gm45060
1695,Gprin3
1696,A530053G22Rik
1697,Snca
1698,Mmrn1
1699,Ccser1
1700,Grid2
1701,Tnip3
1702,Ndnf
1703,2610300M13Rik
1704,Gadd45a
1705,Gm38825
1706,Il12rb2
1707,Il23r
1708,Gm42889
1709,Tacstd2
1710,Igkv1-117
1711,Igkv2-109
1712,Igkv6-32
1713,Igkv6-29
1714,Igkv8-27
1715,Igkv8-19
1716,Igkv3-12
1717,Igkv3-4
1718,Gm30211
1719,Igkc
1720,Eif2ak3
1721,Cd8b1
1722,Cd8a
1723,Polr1a
1724,4933431G14Rik
1725,Tcf7l1
1726,Gm15402
1727,Gm20560
1728,Dnah6
1729,Ctnna2
1730,Reg3g
1731,Lrrtm4
1732,2310069B03Rik
1733,Sema4f
1734,Dqx1
1735,Ccdc142os
1736,Gm44287
1737,Actg2
1738,Stambp
1739,Dysf
1740,Cyp26b1
1741,Sfxn5
1742,Egr4
1743,Nat8f7
1744,Nat8
1745,Nat8f2
1746,Nat8f4
1747,Gm43936
1748,Asprv1
1749,Mxd1
1750,Gm44214
1751,Anxa4
1752,Gkn3
1753,Arhgap25
1754,Efcc1
1755,H1f10
1756,Gm56927
1757,Gm56930
1758,Gata2
1759,Dnajb8
1760,Gm44170
1761,Gm26588
1762,Mgll
1763,Chst13
1764,Gm44421
1765,Fgd5
1766,4930466I24Rik
1767,Adamts9
1768,A730049H05Rik
1769,9530026P05Rik
1770,Lrig1
1771,Tafa1
1772,Tafa4
1773,Eogt
1774,Gm32592
1775,Gm44196
1776,Gm52870
1777,Prok2
1778,Gm26748
1779,Gxylt2
1780,Gm43948
1781,Pdzrn3
1782,Chl1
1783,Cntn4
1784,Il5ra
1785,Gm44040
1786,Gm17055
1787,Gm20387
1788,Grm7
1789,Lmcd1
1790,Ogg1
1791,Gm43964
1792,Atp2b2
1793,Slc6a11
1794,Gm38875
1795,Hrh1
1796,Syn2
1797,Timp4
1798,Pparg
1799,Mkrn2os
1800,Tmem40
1801,H1f8
1802,Plxnd1
1803,Alox5
1804,Depp1
1805,Cxcl12
1806,Gm9946
1807,Gm45083
1808,1700030F04Rik
1809,Cacna1c
1810,Cacna2d4
1811,B4galnt3
1812,1700072O05Rik
1813,Cecr2
1814,Gm43915
1815,Slc6a13
1816,Slc6a12
1817,A2m
1818,Klrg1
1819,Aicda
1820,Gm16556
1821,Nanog
1822,Slc2a3
1823,Clec4a4
1824,Clec4b2
1825,Clec4n
1826,Clec4d
1827,Clec4e
1828,Vmn2r19
1829,Cd163
1830,Gm56975
1831,C1s1
1832,Ptpn6
1833,Gm20531
1834,Atn1
1835,Cdca3
1836,Gnb3
1837,Cd4
1838,Plekhg6
1839,Gm32673
1840,Gm28809
1841,Vwf
1842,Ntf3
1843,Fgf23
1844,Platr31
1845,Ccnd2
1846,Prmt8
1847,Tspan11
1848,Gm15870
1849,Tead4
1850,A2ml1
1851,Klrb1a
1852,Klrb1
1853,Klrb1c
1854,Klrb1b
1855,Gm44066
1856,Gm15987
1857,Clec2e
1858,Clec2d
1859,2310001H17Rik
1860,Gm47861
1861,Cd69
1862,Clec2m
1863,Clec12a
1864,Gm43914
1865,Clec1a
1866,Clec7a
1867,Olr1
1868,Klre1
1869,Klrd1
1870,Klrk1
1871,Klrc1
1872,Klri1
1873,Klri2
1874,Klra17
1875,Klra5
1876,Klra6
1877,Klra4
1878,Klra8
1879,Klra9
1880,Klra7
1881,ENSMUSG00000121360
1882,Klra3
1883,Klra1
1884,Klra2
1885,Styk1
1886,4933406J09Rik
1887,Bcl2l14
1888,Gm36328
1889,Apold1
1890,Emp1
1891,Grin2b
1892,Plbd1
1893,Gucy2c
1894,Mgp
1895,Pde6h
1896,Rerg
1897,Ptpro
1898,Eps8
1899,Mgst1
1900,Gm30524
1901,Pde3a
1902,Slco1c1
1903,Gm5724
1904,Slco1a4
1905,Slco1a6
1906,Ldhb
1907,Kcnj8
1908,Abcc9
1909,St8sia1
1910,Sox5
1911,Casc1
1912,Gm56931
1913,Lmntd1
1914,Gm15704
1915,Itpr2
1916,Ppfibp1
1917,Rep15
1918,Pthlh
1919,Gm6288
1920,Far2
1921,Tmtc1
1922,Dennd5b
1923,Amn1
1924,Resf1
1925,Gm57250
1926,Prkcg
1927,Tmc4
1928,Pirb
1929,Pira2
1930,Pira12
1931,Lilra6
1932,9430041J12Rik
1933,Ttyh1
1934,Ncr1
1935,Tnnt1
1936,Cox6b2
1937,Il11
1938,Isoc2b
1939,Zfp444
1940,Zim1
1941,Usp29
1942,ENSMUSG00000121470
1943,ENSMUSG00000121388
1944,C5ar2
1945,C5ar1
1946,Ptgir
1947,Hif3a
1948,Mill2
1949,Pglyrp1
1950,Gpr4
1951,1700058P15Rik
1952,Gm26802
1953,Exoc3l2
1954,Apoc2
1955,Apoc1
1956,Apoe
1957,Bcam
1958,Gm16175
1959,Gm19345
1960,Gm44659
1961,Ceacam19
1962,Plaur
1963,Cd177
1964,Cd79a
1965,4933430L12Rik
1966,Prr19
1967,Cxcl17
1968,Ceacam2
1969,Gm38569
1970,Cyp2b10
1971,Cyp2f2
1972,Mia
1973,Ltbp4
1974,Hipk4
1975,Gm38973
1976,Fcgbp
1977,Gm57214
1978,Gmfg
1979,Gm57249
1980,Ryr1
1981,Gm26604
1982,Gm16282
1983,Spint2
1984,Zfp382
1985,Gm57231
1986,Hcst
1987,Tmem147os
1988,Dmkn
1989,Krtdap
1990,Ffar2
1991,Ffar1
1992,Hamp
1993,Fam187b
1994,Gm57248
1995,Fxyd5
1996,Fxyd1
1997,Lgi4
1998,G630030J09Rik
1999,Gm10640
2000,Gm12766
2001,Gm12784
2002,Chst8
2003,Gm35665
2004,Wdr88
2005,Gm30771
2006,D530033B14Rik
2007,A230077H06Rik
2008,Vstm2b
2009,Nkg7
2010,Vsig10l
2011,Cd33
2012,Klk6
2013,ENSMUSG00000121308
2014,1700008O03Rik
2015,Spib
2016,Napsa
2017,Gm44832
2018,2310016G11Rik
2019,Slc17a7
2020,Slc6a21
2021,Hsd17b14
2022,Izumo1
2023,Rasip1
2024,Fut2
2025,Abcc6
2026,Ush1c
2027,Tph1
2028,Saa3
2029,Saa1
2030,Saa2
2031,Gm45474
2032,Mrgpra2a
2033,Mrgpra2b
2034,Mrgprb1
2035,Gm45282
2036,Nav2
2037,Nell1
2038,Slc17a6
2039,Luzp2
2040,Gm34121
2041,Gabrg3
2042,Gabra5
2043,Gabrb3
2044,Atp10a
2045,Gm57223
2046,B230209E15Rik
2047,Chrna7
2048,Gm32633
2049,Entrep2
2050,1810008I18Rik
2051,Gm44752
2052,Gm57242
2053,Gm33926
2054,4833412C05Rik
2055,Gm39027
2056,Fam169b
2057,Gm16158
2058,Arrdc4
2059,Gm29683
2060,Nr2f2
2061,B130024G19Rik
2062,Mctp2
2063,Gm36696
2064,Gm45715
2065,Gm20083
2066,Gm30075
2067,Gm44734
2068,Gm44737
2069,Gm7580
2070,Sv2b
2071,AU020206
2072,Agbl1
2073,Ntrk3
2074,Hapln3
2075,Mfge8
2076,Gm45169
2077,Rhcg
2078,Anpep
2079,Ttll13
2080,Slc28a1
2081,2900076A07Rik
2082,Tm6sf1
2083,Adamtsl3
2084,Gm10610
2085,Il16
2086,2310044K18Rik
2087,Cemip
2088,Gm26708
2089,Ctxnd1
2090,ENSMUSG00000121335
2091,Nox4
2092,Tyr
2093,Grm5
2094,Rab38
2095,Gm45144
2096,Gm44995
2097,Prss23
2098,Gm57222
2099,Ccdc83
2100,Tenm4
2101,C230038L03Rik
2102,Thrsp
2103,Aqp11
2104,Gm16938
2105,Lrrc32
2106,Wnt11
2107,Gm45188
2108,Map6
2109,Ucp3
2110,Coa4
2111,P2ry2
2112,Folr2
2113,Folr1
2114,Tomt
2115,Or51e1
2116,Or51e2
2117,Hbb-bt
2118,Gm57232
2119,Hbb-bs
2120,Hbb-y
2121,Olfm5
2122,Trim30b
2123,Trim30c
2124,Trim30d
2125,Gm57206
2126,Or10ab5
2127,Tub
2128,Stk33
2129,Gm44864
2130,Ascl3
2131,Nrip3
2132,Gm28863
2133,Adm
2134,Ampd3
2135,Lyve1
2136,Irag1
2137,Galnt18
2138,Mical2
2139,Tead1
2140,Rassf10
2141,Gm33586
2142,Spon1
2143,Rras2
2144,Pde3b
2145,Calca
2146,Sox6
2147,Sox6os
2148,AV356131
2149,Xylt1
2150,Dnah3
2151,Crym
2152,Gm32916
2153,4930588G17Rik
2154,Vwa3a
2155,Igsf6
2156,Scnn1b
2157,Plk1
2158,Chp2
2159,Cacng3
2160,Slc5a11
2161,Hs3st4
2162,1700123J17Rik
2163,Apobr
2164,Gm57228
2165,Zg16
2166,Itgal
2167,Gm39090
2168,Prss53
2169,4931431B13Rik
2170,Cox6a2
2171,Gm32816
2172,Gm45121
2173,Plpp4
2174,Btbd16
2175,Htra1
2176,Fam24a
2177,Gm35147
2178,1500002F19Rik
2179,Gm45502
2180,Gm45670
2181,Adam12
2182,Mki67
2183,Gm6249
2184,Tcerg1l
2185,Dpysl4
2186,Lrrc27
2187,Cfap46
2188,Gm2044
2189,Adam8
2190,Prap1
2191,Sprn
2192,Scart1
2193,Scart2
2194,Cox8b
2195,Ifitm5
2196,Ifitm2
2197,Ifitm1
2198,Gm57199
2199,Ifitm3
2200,Ifitm6
2201,Cdhr5
2202,Tmem80
2203,Muc2
2204,Muc5b
2205,Ctsd
2206,Prr33
2207,Gm33148
2208,Kcnq1
2209,Cdkn1c
2210,Gm44732
2211,Gm15579
2212,Tnfrsf26
2213,E230032D23Rik
2214,Tnfrsf23
2215,Shank2
2216,Gm14372
2217,Ano1
2218,Tpcn2
2219,Mrgprf
2220,Arhgef18
2221,Retn
2222,Mcemp1
2223,Fcer2a
2224,Gm16553
2225,Cd209a
2226,Cd209b
2227,Cd209f
2228,Cd209g
2229,Nalf1
2230,Myo16
2231,B830042I05Rik
2232,Gm44717
2233,Gm15418
2234,Col4a1
2235,Col4a2
2236,Rab20
2237,Naxd
2238,B020031H02Rik
2239,Sox1ot
2240,Gm15348
2241,Mcf2l
2242,Gm15351
2243,F7
2244,F10
2245,Proz
2246,Gm17023
2247,2810030D12Rik
2248,Dlgap2
2249,Kbtbd11
2250,5830468F06Rik
2251,Gm7706
2252,Csmd1
2253,Angpt2
2254,Defb40
2255,Defb37
2256,Defb38
2257,Defb39
2258,Gm15056
2259,Fam90a1a
2260,Atp7b
2261,Mrps31
2262,Plat
2263,Zmat4
2264,Tcim
2265,Htra4
2266,Gm16159
2267,D830025C05Rik
2268,Kcnu1
2269,Hgsnat
2270,1700047A11Rik
2271,Rab11fip1
2272,4933416M07Rik
2273,Gm45267
2274,Got1l1
2275,Unc5d
2276,Nrg1
2277,Gm3985
2278,Tex15
2279,Gsr
2280,Rbpms
2281,B930018H19Rik
2282,Gm34096
2283,Ppp1r3b
2284,Gm35520
2285,Dlc1
2286,AI429214
2287,Sgcz
2288,Gm6213
2289,Msr1
2290,Fgl1
2291,Gm9908
2292,Klkb1
2293,Sorbs2
2294,Pdlim3
2295,Gm39168
2296,Acsl1
2297,Enpp6
2298,Gm45576
2299,Tenm3
2300,4930555F03Rik
2301,Gm45321
2302,Gm45323
2303,Gm45341
2304,C130073E24Rik
2305,Neil3
2306,Vegfc
2307,Spata4
2308,Wdr17
2309,Gpm6a
2310,Hpgd
2311,Gm33501
2312,Hdnr
2313,Gm56857
2314,Galntl6
2315,Gm34623
2316,Gm34730
2317,Gm53435
2318,Palld
2319,Gm45418
2320,Ddx60
2321,Gm45459
2322,Cpe
2323,Tma16
2324,Csgalnact1
2325,Lpl
2326,Slc18a1
2327,Pbx4
2328,Cilp2
2329,Armc6
2330,Cers1
2331,Lrrc25
2332,Gdf15
2333,Pde4c
2334,Ushbp1
2335,Plvap
2336,B3gnt3
2337,ENSMUSG00000121402
2338,Cyp4f18
2339,Or2z8
2340,Or2z9
2341,Klf2
2342,Nwd1
2343,Hmox1
2344,Gm10358
2345,Gm10649
2346,Arhgap10
2347,Gm45406
2348,4933421D24Rik
2349,4933431K23Rik
2350,Ednra
2351,Gm30660
2352,Gm30605
2353,Gypa
2354,Gm31223
2355,Inpp4b
2356,Il15
2357,Adgre5
2358,Palm3
2359,Gm56827
2360,Best2
2361,A230103J11Rik
2362,Cks1brt
2363,Mylk3
2364,Gm27168
2365,4933402J07Rik
2366,Zfp423
2367,Snx20
2368,Tox3
2369,Gm19935
2370,Gm36243
2371,Irx3
2372,Gm36843
2373,Lpcat2
2374,Ces1d
2375,Gm30606
2376,4930488L21Rik
2377,Mt4
2378,Mt3
2379,Mt2
2380,Mt1
2381,Slc12a3
2382,Cpne2
2383,Ccl22
2384,Cx3cl1
2385,Ccl17
2386,Adgrg3
2387,Gm31036
2388,Gins3
2389,Ndrg4
2390,Gm31659
2391,Gm31805
2392,Gm32122
2393,Cdh8
2394,Gm15680
2395,Cdh5
2396,Gm45877
2397,Rrad
2398,Ces2e
2399,Ces4a
2400,Lrrc36
2401,Gfod2
2402,Ctrl
2403,Gm16156
2404,Dpep3
2405,Dpep2
2406,Dpep2-1
2407,Dus2
2408,Tango6
2409,Derpc
2410,D030068K23Rik
2411,Hp
2412,Tle7
2413,Calb2
2414,Hydin
2415,Il34
2416,Clec18a
2417,Cntnap4
2418,Gm10280
2419,Adamts18
2420,Vat1l
2421,Gm45733
2422,Dynlrb2
2423,Cdyl2
2424,1700030J22Rik
2425,Pkd1l2
2426,Gm15395
2427,Cdh13
2428,Gm45723
2429,Gm32006
2430,Gm56837
2431,Osgin1
2432,Necab2
2433,Kcng4
2434,Gm32352
2435,Wfdc1
2436,Atp2c2
2437,Crispld2
2438,A130014A01Rik
2439,Gm26537
2440,Foxf1
2441,Foxc2
2442,1700018B08Rik
2443,Gm45833
2444,Klhdc4
2445,Gm20406
2446,Slc7a5
2447,BC048644
2448,Car5a
2449,Gm27011
2450,Trhr2
2451,Dpep1
2452,Spire2
2453,Tubb3
2454,4732419C18Rik
2455,Gm29773
2456,Agt
2457,Gm45709
2458,Kcnk1
2459,Gm31718
2460,A630001O12Rik
2461,Pard3
2462,Nrp1
2463,Ccdc7a
2464,Gucy1a2
2465,Gria4
2466,Casp4
2467,Casp12
2468,Pdgfd
2469,Mmp13
2470,Mmp12
2471,Mmp3
2472,Mmp10
2473,Mmp8
2474,Birc3
2475,Gm20416
2476,Cep126
2477,Trpc6
2478,Arhgap42
2479,Cntn5
2480,Kdm4d
2481,1700012B09Rik
2482,Gm16302
2483,Mtnr1b
2484,Fat3
2485,Ubtfl1
2486,Mbd3l2
2487,Col5a3
2488,Icam4
2489,Gm16754
2490,Gm39302
2491,Dock6
2492,Cnn1
2493,Acp5
2494,Anln
2495,Bmper
2496,Npsr1
2497,Gm10701
2498,Tbx20
2499,Gm48362
2500,Igsf9b
2501,Opcml
2502,Ntm
2503,Adamts15
2504,Adamts8
2505,Ets1
2506,Gm27240
2507,Gm27164
2508,Kirrel3
2509,Gm39318
2510,Gm33838
2511,Gm26787
2512,Slc37a2
2513,Gm48081
2514,Robo4
2515,Esam
2516,Vsig2
2517,Nrgn
2518,Gm57038
2519,Panx3
2520,Or8b40
2521,Gramd1b
2522,Gm16214
2523,Gm39321
2524,D630033O11Rik
2525,Thy1
2526,Gm26737
2527,Ccdc153
2528,Nherf4
2529,Cxcr5
2530,Gm47230
2531,Cd3g
2532,Cd3d
2533,Cd3e
2534,Gm48719
2535,Mpzl2
2536,Jaml
2537,Gm10684
2538,Scn2b
2539,Tmprss4
2540,Tagln
2541,Apoc3
2542,Gm57016
2543,4931429L15Rik
2544,4930448E22Rik
2545,Gm31614
2546,Nnmt
2547,2310003N18Rik
2548,Gm47077
2549,Cryab
2550,Btg4
2551,Gm32742
2552,Pou2af1
2553,Arhgap20
2554,Gm6980
2555,Zc3h12c
2556,Gm47957
2557,AI593442
2558,Elmod1
2559,Gldnos
2560,Gldn
2561,Acsbg1
2562,Crabp1
2563,Nrg4
2564,Pstpip1
2565,Lingo1
2566,Cspg4
2567,Gm47237
2568,Rpp25
2569,Gm26631
2570,Lman1l
2571,Cyp1a1
2572,Sema7a
2573,Cyp11a1
2574,Ccdc33
2575,Islr
2576,Islr2
2577,Adpgk
2578,Gm57013
2579,Gm20275
2580,Thsd4
2581,Uaca
2582,Gm5122
2583,Gm33699
2584,Gm34157
2585,Kif23
2586,Paqr5
2587,Gm35288
2588,Calml4
2589,Smad3
2590,Smad6
2591,Megf11
2592,Gm36459
2593,Dennd4a
2594,Pclaf
2595,Gm40528
2596,Gm30639
2597,Tpm1
2598,Gm19299
2599,Gm57018
2600,Rora
2601,Gm15511
2602,Anxa2
2603,B230323A14Rik
2604,Myo1e
2605,Gm32511
2606,Aldh1a2
2607,Myzap
2608,Cgnl1
2609,Gm27231
2610,4930509E16Rik
2611,Pigb
2612,Rab27a
2613,Gm57062
2614,Gm27211
2615,Unc13c
2616,Wdr72
2617,Gm48677
2618,Scg3
2619,Bmp5
2620,Gm57021
2621,Fam83b
2622,Gclc
2623,Gsta4
2624,Gsta5
2625,Cgas
2626,Cd109
2627,Gm47501
2628,Col12a1
2629,4930429F24Rik
2630,Filip1
2631,Gm48387
2632,Gm27224
2633,Htr1b
2634,Gm39383
2635,Gm2109
2636,Gm36278
2637,Ripply2
2638,Tbx18
2639,Nt5e
2640,Zfp949
2641,Gm10634
2642,Bcl2a1d
2643,Gm29562
2644,Gm26611
2645,Gm2396
2646,Bcl2a1a
2647,4930579C12Rik
2648,Mthfs
2649,4930524O08Rik
2650,Rasgrf1
2651,Gm28652
2652,Gm31409
2653,Gm16010
2654,Clstn2
2655,Rbp1
2656,Faiml
2657,Dzip1l
2658,Gm29521
2659,Slco2a1
2660,Inhca
2661,Tmem108
2662,4932413F04Rik
2663,Acpp
2664,Gm28548
2665,Cpne4
2666,Col6a5
2667,Col6a4
2668,4930500F10Rik
2669,Iqcf4
2670,1700039M15Rik
2671,Mapkapk3
2672,Hemk1
2673,Cacna2d2
2674,Slc38a3
2675,Cdhr4
2676,Gm37963
2677,Lamb2
2678,4833445I07Rik
2679,Gm35025
2680,Gm57049
2681,Col7a1
2682,Ucn2
2683,Fbxw13
2684,Camp
2685,Cspg5
2686,Ngp
2687,Gm35715
2688,Pth1r
2689,Prss45
2690,Tdgf1
2691,Lrrc2
2692,Rtp3
2693,1700061E17Rik
2694,Ltf
2695,Ccrl2
2696,Trank1
2697,Arpp21
2698,Gm47950
2699,Susd5
2700,Gm57032
2701,Gm9888
2702,Gm48038
2703,Rbms3
2704,Eomes
2705,Scn11a
2706,Ttc21a
2707,Xirp1
2708,Myrip
2709,Entpd3
2710,Gm39458
2711,Gm34425
2712,Ulk4
2713,Cck
2714,E530011L22Rik
2715,1700048O20Rik
2716,Snrk
2717,ENSMUSG00000121444
2718,Gm47140
2719,Clec3b
2720,Slc6a20a
2721,Gm17200
2722,Ccr9
2723,Cxcr6
2724,Xcr1
2725,Gm57020
2726,Gm57053
2727,Ccr1
2728,Ccr1l1
2729,Ccr3
2730,Ccr2
2731,Gm56946
2732,Plekhg1
2733,Akap12
2734,Gm16153
2735,Ccdc170
2736,Esr1
2737,Syne1
2738,Gm10097
2739,Oprm1
2740,Ipcef1
2741,Ust
2742,Gm48727
2743,Gm48728
2744,Samd5
2745,Gm28905
2746,4930598N05Rik
2747,Adgb
2748,Grm1
2749,4930567K20Rik
2750,Utrn
2751,B230208H11Rik
2752,Stx11
2753,Gm47710
2754,Gm47712
2755,Gm20125
2756,Gm47770
2757,Gm10827
2758,Nhsl1
2759,Tnfaip3
2760,Gm20139
2761,Gm33056
2762,Map3k5
2763,Pde7b
2764,Gm53617
2765,Ahi1
2766,Gm33619
2767,Raet1e
2768,Gm26740
2769,Raet1d
2770,Slc18b1
2771,Vnn3
2772,Vnn1
2773,Ccn2
2774,Arg1
2775,Lama2
2776,Themis
2777,Rspo3
2778,Gm30676
2779,Gm48094
2780,Nkain2
2781,Clvs2
2782,Rsph4a
2783,Trappc3l
2784,Frk
2785,Hs3st5
2786,Gm26535
2787,Lama4
2788,Mfsd4b5
2789,Slc16a10
2790,Ddo
2791,Ak9
2792,Ccdc162
2793,Gm40630
2794,Nr2e1
2795,Scml4
2796,Gm48671
2797,Sobp
2798,Cd24a
2799,F930017D23Rik
2800,Gm47926
2801,Gm40634
2802,1700027J07Rik
2803,Lin28b
2804,Gm35552
2805,Lilrb4b
2806,Lilrb4a
2807,Gm46224
2808,Nepn
2809,Slc35f1
2810,Gm19395
2811,Pln
2812,Gm20597
2813,Gja1
2814,Gm36595
2815,Fabp7
2816,Sh3rf3
2817,Spock2
2818,Gm51802
2819,Cdh23
2820,Tbata
2821,Prf1
2822,Nodal
2823,D830039M14Rik
2824,Gm28447
2825,Npffr1
2826,Col13a1
2827,Hk1os
2828,Srgn
2829,Gm56992
2830,Gm56955
2831,4933428P19Rik
2832,Gm16143
2833,Pbld1
2834,Atoh7
2835,Gm16145
2836,Ctnna3
2837,Lrrtm3
2838,Gm31416
2839,1110002J07Rik
2840,Gm32364
2841,Gm32515
2842,1700030E10Rik
2843,Slc16a9
2844,Fam13c
2845,Bicc1
2846,Gm34609
2847,Pcdh15
2848,Bcr
2849,Ggt1
2850,Ggt5
2851,Chchd10
2852,Gm867
2853,Vpreb3
2854,Gm16222
2855,S100b
2856,2610028H24Rik
2857,Col6a1
2858,Icosl
2859,Gm47922
2860,Gm47015
2861,Bsg
2862,Prtn3
2863,Elane
2864,Reep6
2865,Jsrp1
2866,Lingo3
2867,Gadd45b
2868,Nmrk2
2869,Atcay
2870,Tbxa2r
2871,Gna15
2872,Gm47561
2873,Chst11
2874,Gm40723
2875,Rfx4
2876,Gm38575
2877,Abtb3
2878,Timp3
2879,Stab2
2880,Ascl1
2881,Igf1
2882,Dram1
2883,Mybpc1
2884,Spic
2885,Slc17a8
2886,Gm30963
2887,Anks1b
2888,Rmst
2889,Cfap54
2890,Gm32468
2891,Gm40741
2892,Gm57008
2893,Gm32688
2894,Hal
2895,Ntn4
2896,Gm15915
2897,Cep83os
2898,Plxnc1
2899,Gm47667
2900,4732465J04Rik
2901,Gm57010
2902,Gm47719
2903,Gm33543
2904,Gm33782
2905,Gm48428
2906,Gm56972
2907,Gm33843
2908,Dcn
2909,Lum
2910,Epyc
2911,Gm56944
2912,Gm35035
2913,Gm34983
2914,Gm56963
2915,Gm56957
2916,Kitl
2917,Gm35722
2918,Mgat4c
2919,Nts
2920,Rassf9
2921,Lrriq1
2922,Gm47221
2923,Tmtc2
2924,Ppfia2
2925,Acss3
2926,Lin7a
2927,Gm29685
2928,Gm36440
2929,Syt1
2930,Brcc3dc
2931,Nav3
2932,Gm57005
2933,Osbpl8
2934,Gm40761
2935,Phlda1
2936,Gm30624
2937,Glipr1l3
2938,Kcnc2
2939,Gm3942
2940,Tspan8
2941,Ptprr
2942,Ptprb
2943,Best3
2944,Lyz2
2945,Lyz1
2946,Gm32141
2947,Gm32552
2948,Gm40773
2949,4933411E08Rik
2950,Il22
2951,Ifng
2952,Gm4065
2953,Grip1
2954,Irak3
2955,Gm47009
2956,Hmga2
2957,Gm48202
2958,Msrb3
2959,Wif1
2960,Gm48591
2961,Gm40787
2962,Gm56996
2963,Gm48877
2964,Tafa2
2965,Gm47966
2966,Gm56949
2967,A730063M14Rik
2968,Slc26a10
2969,Inhbc
2970,Ndufa4l2
2971,Nxph4
2972,Tac2
2973,Gpr182
2974,Prim1
2975,Il23a
2976,Cs
2977,Gm29585
2978,Erbb3
2979,Mmp19
2980,Rdh5
2981,Itga7
2982,Or6c70
2983,Tespa1
2984,Vmn2r86
2985,Osm
2986,Lif
2987,Hormad2
2988,Gm11961
2989,Cabp7
2990,Nefh
2991,Gm11963
2992,Aebp1
2993,Gck
2994,Ramp3
2995,Adcy1
2996,Igfbp3
2997,Upp1
2998,Abca13
2999,Vwc2
3000,Zpbp
3001,Gm11998
3002,Ikzf1
3003,Ddc
3004,1700042O10Rik
3005,Grb10
3006,Gm12002
3007,Egfr
3008,Fbxo48
3009,1700093K21Rik
3010,A830031A19Rik
3011,Bcl11a
3012,5730522E02Rik
3013,Ccdc85a
3014,Efemp1
3015,D630024D03Rik
3016,Gm12107
3017,Il9r
3018,Hba-a1
3019,Hba-a2
3020,Efcab9
3021,Stk10
3022,Gabrp
3023,Kcnip1
3024,4930469K13Rik
3025,Gm57348
3026,Slit3
3027,Fbll1
3028,Wwc1
3029,Tenm2
3030,Gm12132
3031,Gabra1
3032,Gabrb2
3033,C1qtnf2
3034,Adra1b
3035,Gm12153
3036,Il12b
3037,Ebf1
3038,Gm12158
3039,Gm12160
3040,Sox30
3041,Adam19
3042,Cyfip2
3043,Itk
3044,Sgcd
3045,Tgtp1
3046,Btnl9
3047,Gm57410
3048,Gm57328
3049,Or2y11
3050,Flt4
3051,Scgb3a1
3052,Gm26542
3053,Adamts2
3054,Col23a1
3055,Gm39822
3056,Gm12207
3057,Tcf7
3058,Gm57351
3059,Fstl4
3060,Il4
3061,Il13
3062,Il5
3063,Irf1
3064,Gm12216
3065,Csf2
3066,Acsl6
3067,Gpx3
3068,Slc36a3
3069,Slc36a3os
3070,Fat2
3071,Sparc
3072,Gm12239
3073,Gria1
3074,4930438A08Rik
3075,Lypd8l
3076,Or11l3
3077,Trim58
3078,Fam183b
3079,Wnt9a
3080,Nlrp3
3081,1810063I02Rik
3082,Rasd1
3083,4930412M03Rik
3084,Myo15a
3085,Slc47a2
3086,Slc47a1
3087,Gm45605
3088,B9d1os
3089,Gm12280
3090,Zfp286os
3091,Tekt3
3092,Gm57391
3093,Gm12290
3094,Hs3st3a1
3095,Gm53042
3096,Myocd
3097,Dnah9
3098,Shisa6
3099,Pirt
3100,9130017K11Rik
3101,Odf4
3102,Arhgef15
3103,Gm57403
3104,Hes7
3105,Atp1b2
3106,Tnfsf13os
3107,Spem3
3108,Tnk1
3109,Asgr1
3110,Mgl2
3111,Clec10a
3112,Scimp
3113,6330403K07Rik
3114,Nlrp1b
3115,Nlrp1c-ps
3116,Pimreg
3117,4732414G09Rik
3118,Rap1gap2
3119,Gm12333
3120,Hic1
3121,Scarf1
3122,Doc2b
3123,Gm12339
3124,Rph3al
3125,Efcab5
3126,Aldoc
3127,Vtn
3128,Sebox
3129,Nos2
3130,Evi2b
3131,Rab11fip4os2
3132,Gm30875
3133,Adap2
3134,Asic2
3135,Ccl2
3136,Ccl7
3137,Ccl11
3138,Ccl12
3139,Ccl8
3140,Ccl1
3141,Unc45bos
3142,Slfn5os
3143,Slfn5
3144,1190001M18Rik
3145,Slfn2
3146,Gm20234
3147,Slfn1
3148,Slfn4
3149,Slfn14
3150,Gas2l2
3151,Ccl5
3152,Ccl9
3153,Ccl6
3154,Ccl3
3155,Gm53692
3156,Ccl4
3157,Wfdc17
3158,Wfdc18
3159,Wfdc21
3160,Hnf1b
3161,Acaca
3162,Lhx1
3163,Car4
3164,Tbx4
3165,Dhx40
3166,Ppm1e
3167,Tex14
3168,Mpo
3169,Lpo
3170,Scpep1os
3171,Trim25
3172,Dgkeos
3173,Gm525
3174,Ankfn1
3175,Car10
3176,Wfikkn2
3177,Col1a1
3178,Itga3
3179,Phospho1
3180,B4galnt2
3181,Igf2bp1
3182,Skap1
3183,Gm11523
3184,Gm57375
3185,Gm11532
3186,Osbpl7
3187,Tbx21
3188,Gm11592
3189,Gm31005
3190,Gpr179
3191,Pcgf2
3192,Plxdc1
3193,Arl5c
3194,Neurod2
3195,Ppp1r1b
3196,Tcap
3197,Ikzf3
3198,Csf3
3199,Med24
3200,Top2a
3201,Igfbp4
3202,Tns4
3203,Ccr7
3204,Krt24
3205,Krt15
3206,Gast
3207,Cavin1
3208,Gm57383
3209,Ccr10
3210,Ramp2
3211,Gm11626
3212,Ccdc200
3213,Sost
3214,Cd300lg
3215,Gm57373
3216,Asb16
3217,Slc4a1
3218,Itga2b
3219,Gm11627
3220,Fzd2
3221,Gjc1
3222,Higd1b
3223,Gfap
3224,C1ql1
3225,Gm20511
3226,Lrrc37a
3227,Gm884
3228,Rprml
3229,Myl4
3230,Gm57401
3231,Ace
3232,Cd79b
3233,Pecam1
3234,Gm11714
3235,C330019F10Rik
3236,Cacng1
3237,Gm11655
3238,9930022D16Rik
3239,Gm11685
3240,Fam20a
3241,1700012B07Rik
3242,Sox9
3243,Gm11681
3244,Cdc42ep4
3245,Sdk2
3246,Cd300a
3247,Cd300lb
3248,Cd300ld
3249,Rab37
3250,Cd300lf
3251,Grin2c
3252,Ict1os
3253,Smim6
3254,Recql5os1
3255,Cygb
3256,Gm11730
3257,Birc5
3258,Gm57366
3259,Dnah17
3260,Rbfox3
3261,Rnf213
3262,A930037H05Rik
3263,Gm11767
3264,Pde6g
3265,Gcgr
3266,Myadml2os
3267,Cbr2
3268,Slc16a3
3269,Cd7
3270,Fn3krp
3271,Gm12589
3272,Efr3b
3273,Gm56543
3274,Wdcp
3275,Klhl29
3276,Gm32442
3277,Gm48619
3278,Gm32828
3279,Gm48898
3280,Gm48075
3281,Gm56555
3282,Gm56531
3283,Vsnl1
3284,Lratd1
3285,Gm5432
3286,Gm48606
3287,Ntsr2
3288,Atp6v1c2
3289,Gm49692
3290,Gm48693
3291,Gm30124
3292,Gm20535
3293,Gm4425
3294,Kidins220
3295,Gm47705
3296,Gm36723
3297,Gm29687
3298,Rsad2
3299,Silc1
3300,Sox11
3301,Gm47872
3302,Myt1l
3303,C630031E19Rik
3304,2310016D03Rik
3305,Slc26a3
3306,Slc26a4
3307,5430401H09Rik
3308,Gm40375
3309,Cdhr3
3310,Atxn7l1os2
3311,Twist1
3312,Hdac9
3313,Gm47357
3314,Gm48236
3315,Gm34047
3316,9130015A21Rik
3317,Sostdc1
3318,D630036H23Rik
3319,Dgkb
3320,Gm47868
3321,Scin
3322,Lsmem1
3323,Gm47376
3324,Gm47371
3325,Gm47013
3326,Nrcam
3327,Gm33680
3328,Gm48535
3329,Prkd1
3330,Gm40421
3331,Gm34894
3332,Gm47431
3333,Gm35239
3334,Npas3
3335,Egln3
3336,Gm40884
3337,Prorp
3338,Sfta3-ps
3339,Nkx2-1
3340,Slc25a21
3341,Clec14a
3342,Lrfn5
3343,Mdga2
3344,Gm47545
3345,5830428M24Rik
3346,Abhd12b
3347,Pygl
3348,F730035M05Rik
3349,Trim9
3350,Gm48847
3351,Gm24474
3352,Gm40437
3353,Gm10457
3354,Tomm20l
3355,2700049A03Rik
3356,9630002D21Rik
3357,Rtn1
3358,5730409N16Rik
3359,Tmem30b
3360,Gm34189
3361,Gm15283
3362,Rhoj
3363,Sgpp1
3364,Tex21
3365,Gm56540
3366,Gm10451
3367,Sptb
3368,Rab15
3369,Arg2
3370,Rdh12
3371,9430078K24Rik
3372,Gm56515
3373,Gm36660
3374,Gm47752
3375,Gm47767
3376,Gm47766
3377,Exd2
3378,Gm56514
3379,Gm17191
3380,Gm47080
3381,Rgs6
3382,Dpf3
3383,Gm26571
3384,Bbof1
3385,Ltbp2
3386,Rps6kl1
3387,Pgf
3388,Fos
3389,Gm47863
3390,Batf
3391,Flvcr2
3392,Ngb
3393,Nrxn3
3394,Dio2
3395,Gm26512
3396,4930544I03Rik
3397,Flrt2
3398,3300002A11Rik
3399,Gm19951
3400,Efcab11
3401,Gm48383
3402,Gm56544
3403,Gm36756
3404,Fbln5
3405,Atxn3
3406,Chga
3407,Ifi27l2a
3408,Serpina3f
3409,Serpina3g
3410,Serpina3n
3411,Gm47648
3412,Tunar
3413,Bdkrb1
3414,Ak7
3415,Cyp46a1
3416,Degs2
3417,Gm33682
3418,Dlk1
3419,Gm34081
3420,Meg3
3421,Rian
3422,Gm10425
3423,Tnfaip2
3424,Gpr132
3425,Jag2
3426,Crip1
3427,Igha
3428,Ighg2c
3429,Ighg2b
3430,Ighd
3431,Ighm
3432,Ighv5-17
3433,Gm53771
3434,Ighv1-9
3435,Ighv1-26
3436,Ighv1-53
3437,Gm30948
3438,Ighv8-8
3439,Ighv1-64
3440,Ighv8-10
3441,Ighv1-81
3442,Ptprn2
3443,Dnah11
3444,Gm35190
3445,Net1
3446,Gm40660
3447,Gm47507
3448,Gm40662
3449,Gm40663
3450,Adarb2
3451,Idi2l
3452,Gtpbp4
3453,Gm36264
3454,Chrm3
3455,Ryr2
3456,ENSMUSG00000121485
3457,Nid1
3458,Lyst
3459,Gm56578
3460,Hecw1
3461,Gli3
3462,A530046M15Rik
3463,Inhba
3464,Gm48444
3465,Trgv7
3466,Trgc1
3467,Sfrp4
3468,Gpr141
3469,Aoah
3470,Or2w1b
3471,H1f5
3472,H4c17
3473,H4c18
3474,H2ac24
3475,Gm11290
3476,Btn1a1
3477,H2ac8
3478,H3c3
3479,H1f1
3480,Trim38
3481,Scgn
3482,Carmil1
3483,Cmah
3484,Gm11342
3485,Ripor2
3486,Armh2
3487,Gpld1
3488,Dcdc2a
3489,Gm47888
3490,2610307P16Rik
3491,Sox4
3492,Gm48161
3493,Gm29675
3494,Hus1b
3495,Foxq1
3496,1700018A04Rik
3497,Serpinb6b
3498,Serpinb9
3499,Serpinb9b
3500,Tubb2b
3501,Gm40909
3502,Pxdc1
3503,Fam50b
3504,Gm47157
3505,Gm40910
3506,Gm48770
3507,Gm49144
3508,F13a1
3509,Gm30600
3510,Gm47709
3511,Gm29458
3512,Gm40916
3513,AI463229
3514,Dsp
3515,Bmp6
3516,Gm46392
3517,Gm47352
3518,Ofcc1
3519,Gm26688
3520,Gcnt2
3521,Gm31683
3522,Mak
3523,Sycp2l
3524,Nedd9
3525,Gm48571
3526,Gm32401
3527,Edn1
3528,Gfod1
3529,Gm47683
3530,Gm27007
3531,Gm34084
3532,Gm47792
3533,Gm40932
3534,Gm35110
3535,Cap2
3536,2010001K21Rik
3537,4930471G24Rik
3538,A330033J07Rik
3539,Id4
3540,Wnk2
3541,Ecm2
3542,Aspn
3543,Ogn
3544,S1pr3
3545,Cks2
3546,Gadd45g
3547,4921525O09Rik
3548,Gm2848
3549,Syk
3550,Sncb
3551,Dok3
3552,Cxcl14
3553,Gm10782
3554,Tgfbi
3555,Spock1
3556,1700066J03Rik
3557,Ntrk2
3558,Gm47359
3559,Gm48500
3560,Gm56562
3561,Dapk1
3562,Ctla2b
3563,Ctla2a
3564,Gm49357
3565,Ptch1
3566,Cntnap3
3567,Prss47
3568,Nlrp4f
3569,Gm48824
3570,Zfp953
3571,Cfap90
3572,Adcy2
3573,Gm35161
3574,1700084F23Rik
3575,Gm41002
3576,Ahrr
3577,Gm31219
3578,Mctp1
3579,5430425K12Rik
3580,9330111N05Rik
3581,Adgrv1
3582,Polr3g
3583,C130071C03Rik
3584,Gm17750
3585,Gm49223
3586,Vcan
3587,Gm4117
3588,A830009L08Rik
3589,4833422C13Rik
3590,Gm20379
3591,Dhfr
3592,Ankrd34b
3593,Thbs4
3594,Gm4814
3595,Bhmt
3596,Gm47216
3597,Gm15907
3598,Gm48350
3599,Pde8b
3600,Crhbp
3601,Iqgap2
3602,F2rl2
3603,Gm50469
3604,Gm32702
3605,Sv2c
3606,Polk
3607,Gm48133
3608,Ankrd31
3609,Hexb
3610,Gm34388
3611,Foxd1
3612,Gm41032
3613,Gm9465
3614,A930014D07Rik
3615,Gm807
3616,Zfp366
3617,Map1b
3618,Cartpt
3619,Ccnb1
3620,Gm56583
3621,Gm29927
3622,Shisal2b
3623,Rgs7bp
3624,Nt5el
3625,Rnf180
3626,3830408C21Rik
3627,Gm32004
3628,Gm56593
3629,Pde4d
3630,Rab3c
3631,Gapt
3632,Plk2
3633,Gm15287
3634,Ankrd55
3635,Ddx4
3636,Plpp1
3637,Cdc20b
3638,Gpx8
3639,Gzma
3640,Esm1
3641,Gm34471
3642,Arl15
3643,A430090L17Rik
3644,Fst
3645,Itga2
3646,Itga1
3647,4930435F18Rik
3648,Gm6416
3649,Emb
3650,Hcn1
3651,B430218F22Rik
3652,Fgf10
3653,Gm56589
3654,Gm36161
3655,Gm36079
3656,Gm21188
3657,Thrb
3658,Rarb
3659,Gm47782
3660,Nek10
3661,Sntn
3662,Synpr
3663,Cadps
3664,ENSMUSG00000121513
3665,Fhit
3666,2610318M16Rik
3667,Fam107a
3668,Dnase1l3
3669,Flnb
3670,4933406F09Rik
3671,Gm26655
3672,Plau
3673,Vcl
3674,4930405A10Rik
3675,Gm10248
3676,Kcnma1
3677,Gm31392
3678,Dlg5
3679,Gm47814
3680,Anxa11os
3681,Plac9
3682,Dnah12
3683,Arhgef3
3684,Erc2
3685,Cacna2d3
3686,Gm35281
3687,Cacna1d
3688,Mustn1
3689,Itih3
3690,Stab1
3691,Sema3g
3692,Gm35823
3693,Galnt15
3694,1700024G13Rik
3695,3425401B19Rik
3696,Fam170b
3697,Vstm4
3698,Gm49030
3699,Frmpd2
3700,Anxa8
3701,Sncg
3702,Grid1
3703,Gm56749
3704,Cdhr1
3705,Nrg3
3706,Gm49965
3707,Ear2
3708,Gm32857
3709,Gm5930
3710,ENSMUSG00000121411
3711,4930431P03Rik
3712,Gm17173
3713,Ptger2
3714,Gm15601
3715,Gm15222
3716,Rubie
3717,Gm15562
3718,Lgals3
3719,Peli2
3720,Otx2os1
3721,Gm48940
3722,Rnase2a
3723,Ear6
3724,Gm49256
3725,Supt16
3726,Or10g1b
3727,Or4e1
3728,Or4e5
3729,Trav6-2
3730,Trav14n-3
3731,Trav16
3732,Trdv4
3733,Trdc
3734,Trac
3735,Abhd4
3736,5330426L24Rik
3737,Psmb11
3738,Gm31251
3739,Cpne6
3740,Gm10876
3741,Gm15932
3742,Tgm1
3743,Ltb4r1
3744,Adcy4
3745,Cma1
3746,Mcpt4
3747,Mcpt8
3748,Ctsg
3749,Gzmf
3750,Gzmc
3751,Gzmb
3752,Gjb2
3753,Gjb6
3754,1700039M10Rik
3755,Fgf9
3756,Gm29266
3757,C1qtnf9
3758,Tnfrsf19
3759,Sgcg
3760,Arl11
3761,Gm35419
3762,Gm56754
3763,Blk
3764,Sox7
3765,4930471C04Rik
3766,Prss52
3767,Msra
3768,Pnoc
3769,Scara5
3770,Clu
3771,Ptk2b
3772,Adra1a
3773,Ebf2
3774,Gm31107
3775,Nefm
3776,Nefl
3777,Adam7
3778,Stc1
3779,Slc25a37
3780,Loxl2
3781,Rhobtb2
3782,Pebp4
3783,Gm33524
3784,Egr3
3785,Piwil2
3786,Hr
3787,Gm41206
3788,Cysltr2
3789,Gm17233
3790,Gm49164
3791,Gm49171
3792,Htr2a
3793,Lrrc63
3794,2900040C04Rik
3795,Tsc22d1
3796,Enox1
3797,Tnfsf11
3798,Dgkh
3799,Gm30716
3800,Gm49016
3801,Gm4632
3802,Rgcc
3803,Olfm4
3804,Pcdh17
3805,9630013A20Rik
3806,Gm32913
3807,Gm48942
3808,Pcdh9
3809,Klhl1
3810,Dach1
3811,Gm56750
3812,Tbc1d4
3813,Lmo7
3814,4933432I03Rik
3815,Gm34643
3816,Acod1
3817,Ednrb
3818,Gm6145
3819,Slitrk6
3820,Gm30439
3821,Gpc5
3822,Gm20713
3823,Gpc6
3824,Dct
3825,Abcc4
3826,Gm27198
3827,Cldn10
3828,Hs6st3
3829,Farp1
3830,Dock9
3831,Gpr183
3832,Gm10837
3833,Gm33906
3834,Itgbl1
3835,Fgf14
3836,Ghr
3837,Dab2
3838,Gm2245
3839,Osmr
3840,Egflam
3841,Gm49207
3842,Gdnf
3843,Gm49249
3844,Slc1a3
3845,Ranbp3l
3846,Il7r
3847,Spef2
3848,Prlr
3849,Rai14
3850,Gm10389
3851,C1qtnf3
3852,Slc45a2
3853,Adamts12
3854,Npr3
3855,1700047G03Rik
3856,Gm34759
3857,Gm49240
3858,Pdzd2
3859,Cdh9
3860,Gm49128
3861,Cdh10
3862,Cdh12
3863,Acot10
3864,Cdh18
3865,Gm2824
3866,9230109A22Rik
3867,Myo10
3868,Fbxl7
3869,Otulinl
3870,Dnah5
3871,Ctnnd2
3872,Ankrd33b
3873,Sema5a
3874,Gm32618
3875,Sdc2
3876,Erich5
3877,4930413F20Rik
3878,Rgs22
3879,Spag1
3880,Gm56703
3881,Gm10384
3882,Gm15941
3883,Gm49313
3884,Gm35248
3885,1100001I12Rik
3886,Baalc
3887,Fzd6
3888,Gm49786
3889,Cthrc1
3890,Rims2
3891,Dcstamp
3892,Zfpm2
3893,Gm49439
3894,Angpt1
3895,Trps1
3896,Samd12
3897,Mal2
3898,Ccn3
3899,Enpp2
3900,Sntb1
3901,Gm46516
3902,Fam83a
3903,Atad2
3904,Gm20712
3905,Gm36617
3906,Gm56717
3907,Gm19510
3908,Gm2682
3909,Gm41331
3910,A1bg
3911,Gsdmc3
3912,Adcy8
3913,Hhla1
3914,Kcnq3
3915,Tg
3916,Sla
3917,Gm17035
3918,St3gal1
3919,Fam135b
3920,Kcnk9
3921,Gm49460
3922,Dennd3
3923,Mroh4
3924,Ly6d
3925,Ly6i
3926,Ly6a
3927,Ly6c1
3928,Ly6c2
3929,Ly6a2
3930,Ly6g
3931,Ly6h
3932,Gpihbp1
3933,Iqank1
3934,Plec
3935,Mirt2
3936,Scx
3937,Dgat1
3938,Adck5
3939,Apol7b
3940,Apol10b
3941,Apol11b
3942,Pvalb
3943,Ncf4
3944,Csf2rb2
3945,Csf2rb
3946,Il2rb
3947,Lgals2
3948,1700027A07Rik
3949,Lgals1
3950,Gm10863
3951,Gm16575
3952,Cacna1i
3953,Enthd1
3954,Grap2
3955,Sgsm3
3956,4930407I10Rik
3957,Gm56734
3958,Gm56730
3959,Gm29019
3960,Nfam1
3961,A4galt
3962,Scube1
3963,Sult4a1
3964,Parvb
3965,Ppara
3966,4930543I03Rik
3967,Gm56691
3968,Gm33049
3969,Ttll8
3970,Mlc1
3971,Mov10l1
3972,Tymp
3973,4930423K06Rik
3974,Odf3b
3975,Syce3
3976,Gm41381
3977,Shank3
3978,Syt10
3979,Cpne8
3980,Slc2a13
3981,Lrrk2
3982,Cntn1
3983,Pdzrn4
3984,Adamts20
3985,Dbx2
3986,Arid2
3987,Gm56745
3988,Slc38a1
3989,Gm56740
3990,Gm56719
3991,Rnd1
3992,5730414N17Rik
3993,Rhebl1
3994,Tuba1a
3995,1700120C14Rik
3996,Gm49484
3997,Gm34939
3998,Gm17057
3999,Acvrl1
4000,Tamalin
4001,Gm35853
4002,Krt81
4003,Krt86
4004,Krt83
4005,Krt8
4006,Krt18
4007,Tns2
4008,Igfbp6
4009,Soat2
4010,Gm10337
4011,Gm56725
4012,Gm36560
4013,D930007P13Rik
4014,Gpr84
4015,Glycam1
4016,Mefv
4017,Gm41409
4018,Rbfox1
4019,Mettl22
4020,Gm30371
4021,Grin2a
4022,Prm2
4023,Shisa9
4024,Mrtfb
4025,Gm53058
4026,Pla2g10
4027,Marf1
4028,Myh11
4029,Gm33696
4030,Cebpd
4031,Igll1
4032,Vpreb1a
4033,Aifm3
4034,Vpreb1b
4035,Cldn5
4036,2010309G21Rik
4037,Iglc1
4038,Iglc3
4039,Iglv1
4040,Iglc2
4041,Gm56600
4042,Iglv3
4043,Klhl6
4044,Cyp2ab1
4045,Dgkg
4046,Crygs
4047,Kng1
4048,Adipoq
4049,B630019A10Rik
4050,Gm31583
4051,Gm31814
4052,P3h2
4053,Cldn1
4054,Tmem207
4055,Il1rap
4056,Gm10823
4057,Fgf12
4058,Atp13a5
4059,Atp13a4
4060,Hes1
4061,Gm49756
4062,Gm34680
4063,Tfrc
4064,Heg1
4065,Kalrn
4066,Mylk
4067,Hacd2
4068,Sema5b
4069,Gm26838
4070,Stfa2l1
4071,Cstdc4
4072,Csta3
4073,Csta2
4074,Stfa1
4075,Cstdc5
4076,Stfa2
4077,Stfa3
4078,Casr
4079,Cd86
4080,Gm56626
4081,4930565N06Rik
4082,Fbxo40
4083,Fstl1
4084,Gpr156
4085,Cfap91
4086,Pla1a
4087,D930030I03Rik
4088,Cd80
4089,Arhgap31
4090,Gm36903
4091,Lsamp
4092,Gap43
4093,Gm19522
4094,Drd3
4095,Gramd1c
4096,Sidt1
4097,Cfap44
4098,Boc
4099,Cd200r3
4100,Ccdc80
4101,Btla
4102,Cd200
4103,Cd200l1
4104,Gm15591
4105,Phldb2
4106,Plcxd2
4107,6430553K19Rik
4108,Trat1
4109,Retnlb
4110,Retnla
4111,Retnlg
4112,Gm56615
4113,Gm15518
4114,Gm4827
4115,G730013B05Rik
4116,4930542D17Rik
4117,Cblb
4118,Alcam
4119,Abi3bp
4120,Gm26800
4121,4921517D16Rik
4122,Col8a1
4123,Gpr15
4124,Or5k1
4125,Epha6
4126,Gm18870
4127,Epha3
4128,Gm36457
4129,Cadm2
4130,Robo1
4131,Robo2
4132,Samsn1
4133,Gm45030
4134,E330011O21Rik
4135,Ncam2
4136,Mir155hg
4137,Jam2
4138,Gm49227
4139,Cyyr1
4140,Adamts1
4141,4930556C24Rik
4142,Gm32461
4143,Map3k7cl
4144,Gm41485
4145,Gm56623
4146,Gm17518
4147,Mrap
4148,Cfap298
4149,Fam243
4150,Clic6
4151,Gm49722
4152,Gm49723
4153,Dop1b
4154,Sim2
4155,Vps26c
4156,Gm56630
4157,Erg
4158,1600002D24Rik
4159,Gm15340
4160,Gm56607
4161,Gm49953
4162,Lca5l
4163,Itgb2l
4164,Pcp4
4165,Dscam
4166,Gm32509
4167,Gm32432
4168,Tmprss2
4169,Tiam2
4170,1700102H20Rik
4171,Sytl3
4172,Gm2885
4173,1700122H20Rik
4174,Gm1604b
4175,Rps6ka2
4176,Fndc1
4177,E430024P14Rik
4178,T
4179,Pde10a
4180,1700010I14Rik
4181,4930452A19Rik
4182,Gm16168
4183,Plg
4184,Slc22a3
4185,Slc22a2
4186,Airn
4187,Gm49959
4188,Gm49958
4189,Acat3
4190,Tcp10b
4191,Unc93a
4192,Tcte2
4193,Smoc2
4194,Dynlt2a3
4195,Prdm9
4196,Fpr1
4197,Fpr2
4198,Fpr3
4199,Vmn2r96
4200,Vmn2r97
4201,Gm56906
4202,Zfp53
4203,Zfp229
4204,Vmn2r111
4205,Vmn2r114
4206,Gm49092
4207,Zfp13
4208,Zscan10
4209,Cldn6
4210,Dcpp1
4211,Dcpp2
4212,Sbpl
4213,Prss22
4214,BC028777
4215,Ccnf
4216,Gm50062
4217,Caskin1
4218,Nherf2
4219,Npw
4220,Rpl3l
4221,Msrb1
4222,Gm50022
4223,Tmem204
4224,Ccdc154
4225,Prss34
4226,Tpsab1
4227,Tpsb2
4228,Gng13
4229,1700022N22Rik
4230,Rgs11
4231,Gm50013
4232,Gm50269
4233,Gm34455
4234,Dusp1
4235,Gm50275
4236,Gm17218
4237,Gm41555
4238,9630028I04Rik
4239,Gm10505
4240,Gm15597
4241,Gm49874
4242,Tulp1
4243,Armc12
4244,Pnpla1
4245,Stk38
4246,Gm16196
4247,Rab44
4248,Gm46603
4249,Gm26885
4250,Gm56894
4251,Pim1
4252,Gm20161
4253,Umodl1
4254,Tff2
4255,Rsph1
4256,Pde9a
4257,4833413E03Rik
4258,Gm30509
4259,Gm56923
4260,Notch3
4261,Pglyrp2
4262,Cyp4f15
4263,Gm50046
4264,Myo1f
4265,Angptl4
4266,Kank3
4267,H2-DMb2
4268,Gm15821
4269,H2-Ab1
4270,H2-Aa
4271,H2-Eb1
4272,Btnl2
4273,Egfl8
4274,Tnxb
4275,C4b
4276,C4a
4277,Cfb
4278,Slc44a4
4279,Hspa1b
4280,Hspa1a
4281,D17H6S56E-5
4282,Mpig6b
4283,Ltb
4284,Tnf
4285,Lta
4286,H2-Q7
4287,H2-Q10
4288,Sfta2
4289,Muc21
4290,Gm56879
4291,Ier3
4292,Tubb5
4293,Gm11127
4294,H2-Bl
4295,Gm7030
4296,Trim10
4297,Trim40
4298,Or2h1
4299,Or12d12
4300,Or1o1
4301,Or5v1b
4302,Rhag
4303,Ptchd4
4304,Adgrf5
4305,Ankrd66
4306,Pla2g7
4307,Clic5
4308,Runx2
4309,Runx2os2
4310,Nfkbie
4311,Vegfa
4312,Cul9
4313,Ptcra
4314,Guca1a
4315,Tomm6os
4316,Foxp4
4317,9830107B12Rik
4318,A530064D06Rik
4319,Trem1
4320,Trem3
4321,Treml4
4322,Apobec2
4323,Tspo2
4324,Unc5cl
4325,Lrfn2
4326,Gm20540
4327,Satb1
4328,Gm20098
4329,Kcnh8
4330,Slc5a7
4331,Adgre4
4332,Ebi3
4333,Lrg1
4334,Gm56918
4335,Catsperd
4336,Acer1
4337,Tnfsf9
4338,Cd70
4339,Tnfsf14
4340,C3
4341,Adgre1
4342,Cntnap5c
4343,Pdzph1
4344,Nudt12os
4345,Efna5
4346,Man2a1
4347,Ptprm
4348,Lama1
4349,Gm49944
4350,Akain1
4351,Dlgap1
4352,5031415H12Rik
4353,Gm41609
4354,Myom1
4355,Emilin2
4356,Togaram2
4357,Xdh
4358,Ltbp1
4359,Gm4710
4360,Cdc42ep3
4361,Cyp1b1
4362,Galm
4363,Ttc39d
4364,4933433H22Rik
4365,Gm56922
4366,Six2
4367,Gm30117
4368,Epas1
4369,0610012D04Rik
4370,Stpg4
4371,Gm46587
4372,Kcnk12
4373,Gm26612
4374,Nrxn1
4375,Bambi
4376,Gm50023
4377,Jcad
4378,Gm41659
4379,Svil
4380,Gm26575
4381,Zeb1
4382,Gm41664
4383,Odad2
4384,Mpp7
4385,Colec12
4386,Ankrd29
4387,Lama3
4388,Gm53018
4389,Taf4b
4390,Kctd1
4391,Aqp4
4392,Cdh2
4393,Ttr
4394,Rnf125
4395,Garem1
4396,Klhl14
4397,Nol4
4398,Dtna
4399,Gm15972
4400,Celf4
4401,Gm33228
4402,Rit2
4403,Syt4
4404,Lims2
4405,Gpr17
4406,Tslp
4407,Camk4
4408,Epb41l4a
4409,Gm36037
4410,Mzb1
4411,Gm29417
4412,Nrg2
4413,Hbegf
4414,Slc4a9
4415,Cd14
4416,Pcdhb1
4417,Pcdhb19
4418,Slc25a2
4419,2010320O07Rik
4420,9630014M24Rik
4421,Arhgap26
4422,Gm15336
4423,Gm30961
4424,Kctd16
4425,Sh3rf2
4426,Ppp2r2b
4427,Stk32a
4428,Dpysl3
4429,Mcc
4430,Kcnn2
4431,A330093E20Rik
4432,Gm4107
4433,Gm49975
4434,Gm5095
4435,Tnfaip8
4436,Prr16
4437,Lox
4438,1700034E13Rik
4439,Sncaip
4440,Prdm6
4441,Gramd3
4442,Lmnb1
4443,Marchf3
4444,Gm15345
4445,Ccdc192
4446,Chsy3
4447,Gm4951
4448,Iigp1
4449,Smim3
4450,Cd74
4451,Arsi
4452,Camk2a
4453,Pdgfrb
4454,Carmn
4455,Ablim3
4456,Htr4
4457,Apcdd1
4458,Alpk2
4459,Gm41757
4460,Gm50221
4461,Malt1
4462,Gm50115
4463,Gm50462
4464,Gm30094
4465,Gm15958
4466,Pmaip1
4467,Cidea
4468,Mc2r
4469,Rab27b
4470,Dcc
4471,Mro
4472,Mapk4
4473,Myo5b
4474,Acaa2
4475,Lipg
4476,F830208F22Rik
4477,Siglec15
4478,Setbp1
4479,Gm41790
4480,Mbp
4481,Gm50350
4482,Gm50351
4483,4930445N18Rik
4484,Gm16146
4485,Neto1
4486,Dok6
4487,Gm18280
4488,1700030N03Rik
4489,Gm36608
4490,Aldh3b2
4491,Gstp3
4492,Cdk2ap2
4493,Gm50152
4494,A930001C03Rik
4495,Ccdc87
4496,Cd248
4497,D330050I16Rik
4498,Gm56655
4499,Ctsw
4500,Gm16538
4501,Slc22a20
4502,Capn1
4503,Gm14963
4504,Gm14965
4505,Slc22a12
4506,Ccdc88b
4507,Kcnk4
4508,Slc22a8
4509,Slc22a6
4510,9830166K06Rik
4511,Lrrn4cl
4512,Ahnak
4513,Scgb1a1
4514,Gm9750
4515,Syt7
4516,Ppp1r32
4517,Cd5
4518,A430093F15Rik
4519,Cd6
4520,Ptgdr2
4521,AW112010
4522,Ms4a20
4523,Ms4a19
4524,Ms4a1
4525,Ms4a7
4526,Ms4a4a
4527,Gm56663
4528,Ms4a4c
4529,Ms4a4b
4530,Ms4a6c
4531,Gm8369
4532,Ms4a6b
4533,Ms4a4d
4534,Ms4a6d
4535,Ms4a2
4536,Ms4a3
4537,Oosp1
4538,Or10v1
4539,Or4d10
4540,Dtx4
4541,A330040F15Rik
4542,Fam111a
4543,Gm4952
4544,C130060C02Rik
4545,Gna14
4546,Vps13a
4547,Gm50277
4548,Gcnt1
4549,Pcsk5
4550,Nmrk1
4551,Rorb
4552,Gm41815
4553,1500015L24Rik
4554,Anxa1
4555,C730002L08Rik
4556,Aldh1a1
4557,Tmc1
4558,Gm32750
4559,Gm52981
4560,Gda
4561,Trpm3
4562,Gm50136
4563,Pip5k1b
4564,Tmem252
4565,Glis3
4566,D930032P07Rik
4567,Slc1a1
4568,Spata6l
4569,Cd274
4570,Pdcd1lg2
4571,A930007I19Rik
4572,Mlana
4573,Il33
4574,Gldc
4575,Prkg1
4576,Sgms1
4577,Gm50210
4578,Gm56634
4579,Lipm
4580,Ankrd22
4581,Acta2
4582,Fas
4583,Ch25h
4584,Ifit2
4585,Ifit3
4586,Ifit1bl2
4587,Ifit1
4588,Slc16a12
4589,A830019P07Rik
4590,Htr7
4591,Kif11
4592,Gm32342
4593,Cyp26a1
4594,Myof
4595,Rbp4
4596,Pde6c
4597,Lgi1
4598,Plce1
4599,Sorbs1
4600,Gm27042
4601,Entpd1
4602,Cc2d2b
4603,E030044B06Rik
4604,Blnk
4605,Dntt
4606,Opalin
4607,Pik3ap1
4608,Slit1
4609,Gm19437
4610,Hpse2
4611,Cutc
4612,Nt5c2
4613,Ina
4614,Calhm3
4615,Neurl1a
4616,Cfap43
4617,Cfap58
4618,Sorcs3
4619,Sorcs1
4620,1700054A03Rik
4621,Mirt1
4622,4833407H14Rik
4623,Adra2a
4624,Gucy2g
4625,Nrap
4626,Vwa2
4627,Ablim1
4628,Atrnl1
4629,Gfra1
4630,Gm4219
4631,Grk5
4632,Shroom4
4633,Dgkk
4634,Akap4
4635,Plp2
4636,Magix
4637,Gata1
4638,Gm6787
4639,Slc38a5
4640,Cybb
4641,Tspan7
4642,2010308F09Rik
4643,Nyx
4644,Gpr82
4645,Maoa
4646,Efhc2
4647,Dipk2b
4648,Gm14636
4649,Timp1
4650,Tesl1
4651,Zcchc12
4652,Lonrf3
4653,Gm14569
4654,Rhox12
4655,Gria3
4656,Tenm1
4657,Dcaf12l2
4658,Dcaf12l1
4659,Aifm1
4660,Frmd7
4661,Mbnl3
4662,Gpc3
4663,A630012P03Rik
4664,C430049B03Rik
4665,Plac1
4666,Cd40lg
4667,Arhgef6
4668,Gpr101
4669,Zic3
4670,Fgf13
4671,Mcf2
4672,Cdr1os
4673,Cdr1
4674,Slitrk4
4675,Slitrk2
4676,Aff2
4677,1700111N16Rik
4678,Mtm1
4679,Gm16189
4680,Gpr50
4681,Gabra3
4682,Xlr5a
4683,Xlr4c
4684,Bgn
4685,Abcd1
4686,Arhgap4
4687,Flna
4688,Gab3
4689,Cfap47
4690,Tmem47
4691,Dmd
4692,Gk
4693,Gm56680
4694,Il1rapl1
4695,Arx
4696,Fam90a1b-1
4697,F630028O10Rik
4698,Vsig4
4699,Hsf3
4700,Eda2r
4701,Ar
4702,Gm14812
4703,Eda
4704,Kif4
4705,Gm14902
4706,Tex11
4707,Slc7a3
4708,Gm56679
4709,Gjb1
4710,Phka1
4711,Nap1l2
4712,Tlr13
4713,Gm5127
4714,P2ry10
4715,Itm2a
4716,2810403D21Rik
4717,Gm6377
4718,Gm44593
4719,Rps6ka6
4720,Tex16
4721,Dach2
4722,Pcdh11x
4723,Gm2411
4724,Pcdh19
4725,Srpx2
4726,Btk
4727,Arxes1
4728,Plp1
4729,Rab9b
4730,Il1rapl2
4731,Cldn2
4732,Dnaaf6b
4733,Atg4a
4734,Col4a6
4735,Tmem164
4736,Chrdl1
4737,Pak3
4738,Dcx
4739,Rtl4
4740,Lhfpl1
4741,Htr2c
4742,Il13ra2
4743,Gm15091
4744,Alas2
4745,Shroom2
4746,Foxr2
4747,Kctd12b
4748,Ptchd1
4749,Klhl34
4750,Adgrg2
4751,Bend2
4752,Nhs
4753,Reps2
4754,Rnf138rt1
4755,Ace2
4756,Bmx
4757,Asb9
4758,Frmpd4
4759,Arhgap6
4760,Mid1
4761,ENSMUSG00000121571
4762,Gm29554
4763,Gm21679
4764,ENSMUSG00000079190
4765,ENSMUSG00000079808
